race_id,escape_strength,inner_collapse_risk,attack_pressure,race_upset_score,probability_flatness,dynamic_rerank_subset,scenario,result_scenario,winner_course,winner_style,lane1_status,top3_shape,is_outer_chain,is_inner_dominant
2026-07-06_01_01,0.18901328586853164,0.5552640079486676,0.36481681992596504,0.4824968033209229,0.9550911295183068,attack_or_collapse,S0_C1_ESCAPE_IN_WIN,C1__ESCAPE__IN_WIN__CENTER_OUTER,1,ESCAPE,IN_WIN,CENTER_OUTER,False,False
2026-07-06_01_02,0.2604141394728995,0.5341210788866732,0.3648273644585232,0.4718302018586348,0.9403651490595533,upset_or_flat,S5_OUTER_WIN_OR_CHAIN,C6__MAKURI_SASHI__IN_OUT__OUTER_CHAIN,6,MAKURI_SASHI,IN_OUT,OUTER_CHAIN,True,False
2026-07-06_01_03,0.2397417530175184,0.5333032695442297,0.36961649715127154,0.47259301860212377,0.9536749155437484,upset_or_flat,S4_C4_WIN_KADO,C4__MAKURI__IN_OUT__OUTER_CHAIN,4,MAKURI,IN_OUT,OUTER_CHAIN,True,False
2026-07-06_01_04,0.2781980932146581,0.5090405791248227,0.32895223133590334,0.45701667362388154,0.9388699835407817,neutral,S0_C1_ESCAPE_IN_WIN,C1__ESCAPE__IN_WIN__INNER_TOP3,1,ESCAPE,IN_WIN,INNER_TOP3,False,True
2026-07-06_01_05,0.25343733718083844,0.527809779188654,0.3721920001672238,0.48097237765321194,0.9484481408921311,upset_or_flat,S5_OUTER_WIN_OR_CHAIN,C5__MAKURI__IN_OUT__OUTER_CHAIN,5,MAKURI,IN_OUT,OUTER_CHAIN,True,False
2026-07-06_01_06,0.30087769008744153,0.5045325388428268,0.3753275832960179,0.468299739110832,0.8904249506670422,stable_escape,S0_C1_ESCAPE_IN_WIN,C1__ESCAPE__IN_WIN__OUTER_CHAIN,1,ESCAPE,IN_WIN,OUTER_CHAIN,True,False
2026-07-06_01_07,0.2360262108815602,0.5239920553452637,0.37101757631818333,0.46572935687144595,0.9394639628257937,upset_or_flat,S0_C1_ESCAPE_IN_WIN,C1__ESCAPE__IN_WIN__INNER_TOP3,1,ESCAPE,IN_WIN,INNER_TOP3,False,True
2026-07-06_01_08,0.3124449907340138,0.49930898199578416,0.3347150703903891,0.4512727244379962,0.9159079101477968,stable_escape,S5_OUTER_WIN_OR_CHAIN,C5__MAKURI_SASHI__IN_REMAIN__MIXED,5,MAKURI_SASHI,IN_REMAIN,MIXED,False,False
2026-07-06_01_09,0.2861050065197295,0.5212793623703911,0.37882390140425215,0.4794702928710981,0.928966655810687,attack_or_collapse,S0_C1_ESCAPE_IN_WIN,C1__ESCAPE__IN_WIN__INNER_CENTER,1,ESCAPE,IN_WIN,INNER_CENTER,False,False
2026-07-06_01_10,0.20477816549963213,0.5491169313154574,0.34904443276068275,0.46985174403917407,0.9505270763698235,attack_or_collapse,S0_C1_ESCAPE_IN_WIN,C1__ESCAPE__IN_WIN__CENTER_OUTER,1,ESCAPE,IN_WIN,CENTER_OUTER,False,False
2026-07-06_01_11,0.21346570606071286,0.5409037271411473,0.362139718566949,0.4692835357908294,0.949093930483978,attack_or_collapse,S5_OUTER_WIN_OR_CHAIN,C6__SASHI__IN_REMAIN__CENTER_OUTER,6,SASHI,IN_REMAIN,CENTER_OUTER,False,False
2026-07-06_01_12,0.270593273624287,0.5237038219405037,0.37821907373437547,0.4713346494298701,0.9017212874688327,attack_or_collapse,S0_C1_ESCAPE_IN_WIN,C1__ESCAPE__IN_WIN__CENTER_OUTER,1,ESCAPE,IN_WIN,CENTER_OUTER,False,False
2026-07-06_04_01,0.26216525393498846,0.5361618312074712,0.39876051061461215,0.47275820917367,0.9305004598601742,attack_or_collapse,S3_C3_WIN_CENTER,C3__MAKURI_SASHI__IN_REMAIN__INNER_TOP3,3,MAKURI_SASHI,IN_REMAIN,INNER_TOP3,False,True
2026-07-06_04_02,0.27376797368815675,0.5146846990520397,0.34565801251349393,0.45310969264427153,0.9232916795897972,neutral,S0_C1_ESCAPE_IN_WIN,C1__ESCAPE__IN_WIN__INNER_TOP3,1,ESCAPE,IN_WIN,INNER_TOP3,False,True
2026-07-06_04_03,0.2236113511779036,0.5430639346858269,0.3482588438989852,0.4594849127222933,0.9446755749943334,attack_or_collapse,S1_C2_SASHI_IN_REMAIN,C2__SASHI__IN_REMAIN__MIXED,2,SASHI,IN_REMAIN,MIXED,False,False
2026-07-06_04_04,0.3176343518121463,0.4990495833095799,0.37353919216070897,0.4567993570927452,0.919457790139371,stable_escape,S0_C1_ESCAPE_IN_WIN,C1__ESCAPE__IN_WIN__MIXED,1,ESCAPE,IN_WIN,MIXED,False,False
2026-07-06_04_05,0.29689404762730504,0.5094827042054224,0.36362648447797996,0.4644076016766938,0.9181938882504898,stable_escape,S0_C1_ESCAPE_IN_WIN,C1__ESCAPE__IN_WIN__MIXED,1,ESCAPE,IN_WIN,MIXED,False,False
2026-07-06_04_06,0.2909781245938181,0.509419054193506,0.3683575423284423,0.4542736464797789,0.9007059442991381,neutral,S0_C1_ESCAPE_IN_WIN,C1__ESCAPE__IN_WIN__CENTER_OUTER,1,ESCAPE,IN_WIN,CENTER_OUTER,False,False
2026-07-06_04_07,0.3007365663039818,0.502279358456508,0.35089770017166666,0.4483734394177033,0.91371308352416,stable_escape,S3_C3_WIN_CENTER,C3__MAKURI__IN_OUT__OUTER_CHAIN,3,MAKURI,IN_OUT,OUTER_CHAIN,True,False
2026-07-06_04_08,0.2659949145045793,0.5265260027010386,0.35194392005738073,0.44866891330137715,0.9123181239138464,neutral,S0_C1_ESCAPE_IN_WIN,C1__ESCAPE__IN_WIN__INNER_CENTER,1,ESCAPE,IN_WIN,INNER_CENTER,False,False
2026-07-06_04_09,0.2616512935705772,0.5222703584233599,0.35970929706616017,0.466409790906726,0.9164788956472268,neutral,S0_C1_ESCAPE_IN_WIN,C1__ESCAPE__IN_WIN__OUTER_CHAIN,1,ESCAPE,IN_WIN,OUTER_CHAIN,True,False
2026-07-06_04_10,0.2890134012363781,0.4999621618015216,0.3456030956643399,0.45321487570649877,0.9064860274624805,neutral,S1_C2_SASHI_IN_REMAIN,C2__SASHI__IN_REMAIN__MIXED,2,SASHI,IN_REMAIN,MIXED,False,False
2026-07-06_04_11,0.29519969765800524,0.5084772625092591,0.3726271863047911,0.45840102279280986,0.9110716459149953,stable_escape,S0_C1_ESCAPE_IN_WIN,C1__ESCAPE__IN_WIN__INNER_CENTER,1,ESCAPE,IN_WIN,INNER_CENTER,False,False
2026-07-06_04_12,0.2825004498980926,0.5192034796456952,0.3551134838211896,0.4555193823886068,0.9087146827172221,neutral,S0_C1_ESCAPE_IN_WIN,C1__ESCAPE__IN_WIN__INNER_TOP3,1,ESCAPE,IN_WIN,INNER_TOP3,False,True
2026-07-06_05_01,0.2918187672680911,0.5187457098628243,0.3817801634301975,0.46499083296839516,0.9470104776331013,attack_or_collapse,S4_C4_WIN_KADO,C4__MAKURI__IN_REMAIN__CENTER_OUTER,4,MAKURI,IN_REMAIN,CENTER_OUTER,False,False
2026-07-06_05_02,0.1892185975628633,0.577482029380247,0.41652087887475714,0.49142382231762227,0.9483098477015097,attack_or_collapse,S0_C1_ESCAPE_IN_WIN,C1__ESCAPE__IN_WIN__MIXED,1,ESCAPE,IN_WIN,MIXED,False,False
2026-07-06_05_03,0.24487826521079048,0.5410590566763602,0.36576382246948097,0.4737774491413251,0.9383569234370603,attack_or_collapse,S0_C1_ESCAPE_IN_WIN,C1__ESCAPE__IN_WIN__INNER_TOP3,1,ESCAPE,IN_WIN,INNER_TOP3,False,True
2026-07-06_05_04,0.2583811314762869,0.5419349941988479,0.39832721820195793,0.48575782194956973,0.948026822025677,attack_or_collapse,S3_C3_WIN_CENTER,C3__MAKURI_SASHI__IN_REMAIN__INNER_TOP3,3,MAKURI_SASHI,IN_REMAIN,INNER_TOP3,False,True
2026-07-06_05_05,0.2009956760441988,0.5594432071273481,0.3777872131160873,0.48786948213040354,0.9467984434603347,attack_or_collapse,S5_OUTER_WIN_OR_CHAIN,C5__MAKURI_SASHI__IN_OUT__OUTER_CHAIN,5,MAKURI_SASHI,IN_OUT,OUTER_CHAIN,True,False
2026-07-06_05_06,0.1896470729930123,0.5829255734783916,0.41884930454045566,0.4903705905298661,0.9347923909955054,attack_or_collapse,S3_C3_WIN_CENTER,C3__MAKURI__IN_REMAIN__CENTER_OUTER,3,MAKURI,IN_REMAIN,CENTER_OUTER,False,False
2026-07-06_05_07,0.2373507149359332,0.5421017730565322,0.3858831815510844,0.4754062177975725,0.9344989076912942,attack_or_collapse,S4_C4_WIN_KADO,C4__MAKURI__IN_OUT__OUTER_CHAIN,4,MAKURI,IN_OUT,OUTER_CHAIN,True,False
2026-07-06_05_08,0.3315904973060136,0.49139889306974766,0.341468202720315,0.428190299107552,0.9122777833781881,stable_escape,S0_C1_ESCAPE_IN_WIN,C1__ESCAPE__IN_WIN__INNER_TOP3,1,ESCAPE,IN_WIN,INNER_TOP3,False,True
2026-07-06_05_09,0.2683142026999423,0.5120325971440837,0.3251621657721956,0.435767681397859,0.9190460875793621,neutral,S0_C1_ESCAPE_IN_WIN,C1__ESCAPE__IN_WIN__INNER_TOP3,1,ESCAPE,IN_WIN,INNER_TOP3,False,True
2026-07-06_05_10,0.258439730925664,0.5370246140163512,0.39798712235280986,0.47495147479304195,0.9419278417773156,attack_or_collapse,S3_C3_WIN_CENTER,C3__MAKURI__IN_REMAIN__CENTER_OUTER,3,MAKURI,IN_REMAIN,CENTER_OUTER,False,False
2026-07-06_05_11,0.2787440138555671,0.5155446548095266,0.342314961873065,0.44782990741337203,0.9118651127250146,neutral,S0_C1_ESCAPE_IN_WIN,C1__ESCAPE__IN_WIN__OUTER_CHAIN,1,ESCAPE,IN_WIN,OUTER_CHAIN,True,False
2026-07-06_05_12,0.3604162586853334,0.458100910415712,0.3082491392130928,0.3994981414667762,0.8842614207735459,stable_escape,S0_C1_ESCAPE_IN_WIN,C1__ESCAPE__IN_WIN__CENTER_OUTER,1,ESCAPE,IN_WIN,CENTER_OUTER,False,False
2026-07-06_07_01,0.30170330706693915,0.4979454597593064,0.35264197358685956,0.4349560295309252,0.8925193501593099,stable_escape,S5_OUTER_WIN_OR_CHAIN,C5__MAKURI_SASHI__IN_REMAIN__OUTER_CHAIN,5,MAKURI_SASHI,IN_REMAIN,OUTER_CHAIN,True,False
2026-07-06_07_02,0.26323103511562035,0.5183292044599876,0.3335451430838201,0.45326239220707976,0.9431729631188548,upset_or_flat,S4_C4_WIN_KADO,C4__MAKURI__IN_OUT__OUTER_CHAIN,4,MAKURI,IN_OUT,OUTER_CHAIN,True,False
2026-07-06_07_03,0.2520968826331661,0.5502707172561982,0.4187489924878613,0.48101802730897353,0.9108109420537087,attack_or_collapse,S4_C4_WIN_KADO,C4__MAKURI__IN_REMAIN__OUTER_CHAIN,4,MAKURI,IN_REMAIN,OUTER_CHAIN,True,False
2026-07-06_07_04,0.2571333885130581,0.5294923845063009,0.36045281696737586,0.4651275071739863,0.9309096943583821,neutral,S1_C2_SASHI_IN_REMAIN,C2__SASHI__IN_REMAIN__MIXED,2,SASHI,IN_REMAIN,MIXED,False,False
2026-07-06_07_05,0.23059095009149588,0.5455777489507365,0.3484325719132136,0.4652912930884348,0.941154905468891,attack_or_collapse,S5_OUTER_WIN_OR_CHAIN,C5__MEGUMARE__IN_OUT__OUTER_CHAIN,5,MEGUMARE,IN_OUT,OUTER_CHAIN,True,False
2026-07-06_07_06,0.22230825742272545,0.5285920808422035,0.3247020827350788,0.45295923028746987,0.9302959584617486,neutral,S0_C1_ESCAPE_IN_WIN,C1__ESCAPE__IN_WIN__INNER_TOP3,1,ESCAPE,IN_WIN,INNER_TOP3,False,True
2026-07-06_07_07,0.24580014511274748,0.5263720871898299,0.32796471873777194,0.4544452366373448,0.9354579491125682,neutral,S0_C1_ESCAPE_IN_WIN,C1__ESCAPE__IN_WIN__INNER_TOP3,1,ESCAPE,IN_WIN,INNER_TOP3,False,True
2026-07-06_07_08,0.2294237640602777,0.5418396828489096,0.34668442559032986,0.4471156230311708,0.9029159377211138,attack_or_collapse,S0_C1_ESCAPE_IN_WIN,C1__ESCAPE__IN_WIN__OUTER_CHAIN,1,ESCAPE,IN_WIN,OUTER_CHAIN,True,False
2026-07-06_07_09,0.2896205560556831,0.5274569066650328,0.3739845257684846,0.46508715162282743,0.9341856769207716,neutral,S0_C1_ESCAPE_IN_WIN,C1__ESCAPE__IN_WIN__INNER_TOP3,1,ESCAPE,IN_WIN,INNER_TOP3,False,True
2026-07-06_07_10,0.29242843570268473,0.5019893006209031,0.34455706049277635,0.45225916626449375,0.8959197634898179,stable_escape,S0_C1_ESCAPE_IN_WIN,C1__ESCAPE__IN_WIN__CENTER_OUTER,1,ESCAPE,IN_WIN,CENTER_OUTER,False,False
2026-07-06_07_11,0.2935116991981166,0.4970724077520256,0.34329810783900183,0.4325206829877304,0.9146375542009152,stable_escape,S0_C1_ESCAPE_IN_WIN,C1__ESCAPE__IN_WIN__CENTER_OUTER,1,ESCAPE,IN_WIN,CENTER_OUTER,False,False
2026-07-06_07_12,0.2594771636412929,0.5390174479643428,0.3913526886527736,0.4646863211727275,0.9100108236414044,attack_or_collapse,S0_C1_ESCAPE_IN_WIN,C1__ESCAPE__IN_WIN__INNER_CENTER,1,ESCAPE,IN_WIN,INNER_CENTER,False,False
2026-07-06_09_01,0.3179382071837673,0.4888775465363155,0.33823794125910445,0.44033551490681977,0.8847825423926425,stable_escape,S0_C1_ESCAPE_IN_WIN,C1__ESCAPE__IN_WIN__CENTER_OUTER,1,ESCAPE,IN_WIN,CENTER_OUTER,False,False
2026-07-06_09_02,0.2389574480216181,0.5407532690525196,0.3653399602976033,0.47608413068526134,0.9383847806685344,attack_or_collapse,S5_OUTER_WIN_OR_CHAIN,C5__MAKURI_SASHI__IN_OUT__CENTER_OUTER,5,MAKURI_SASHI,IN_OUT,CENTER_OUTER,False,False
2026-07-06_09_03,0.24158662069125172,0.5310232140284157,0.3563073533660993,0.4579313828054721,0.9463464525459542,upset_or_flat,S5_OUTER_WIN_OR_CHAIN,C5__NUKI__IN_REMAIN__MIXED,5,NUKI,IN_REMAIN,MIXED,False,False
2026-07-06_09_04,0.2498791009520511,0.5266940136238958,0.3662735281571454,0.46491776673413804,0.9003729654256305,neutral,S0_C1_ESCAPE_IN_WIN,C1__ESCAPE__IN_WIN__OUTER_CHAIN,1,ESCAPE,IN_WIN,OUTER_CHAIN,True,False
2026-07-06_09_05,0.32636429873720113,0.4842362680832743,0.34150513918072933,0.4479048421015255,0.90906049338022,stable_escape,S2_C2_WIN_IN_OUT,C2__SASHI__IN_OUT__CENTER_OUTER,2,SASHI,IN_OUT,CENTER_OUTER,False,False
2026-07-06_09_06,0.2635378550351392,0.5174270706251374,0.3558005867973837,0.4616754156621159,0.9403462732141896,upset_or_flat,S0_C1_ESCAPE_IN_WIN,C1__ESCAPE__IN_WIN__INNER_CENTER,1,ESCAPE,IN_WIN,INNER_CENTER,False,False
2026-07-06_09_07,0.1713805940761999,0.559646133576623,0.36082059058418026,0.49124546833600113,0.953086561862633,attack_or_collapse,S5_OUTER_WIN_OR_CHAIN,C5__MAKURI__IN_OUT__OUTER_CHAIN,5,MAKURI,IN_OUT,OUTER_CHAIN,True,False
2026-07-06_09_08,0.2702698919100273,0.5087407018189405,0.3205430321051361,0.45223296893274956,0.9287637829295342,neutral,S3_C3_WIN_CENTER,C3__MAKURI__IN_REMAIN__CENTER_OUTER,3,MAKURI,IN_REMAIN,CENTER_OUTER,False,False
2026-07-06_09_09,0.2819951063631062,0.5073435115146447,0.3382794426897767,0.44864858413191316,0.8967540992973849,neutral,S0_C1_ESCAPE_IN_WIN,C1__ESCAPE__IN_WIN__INNER_TOP3,1,ESCAPE,IN_WIN,INNER_TOP3,False,True
2026-07-06_09_10,0.2708770212553659,0.5077295146208417,0.31743276503211443,0.4488351853034788,0.933237286528765,neutral,S0_C1_ESCAPE_IN_WIN,C1__ESCAPE__IN_WIN__MIXED,1,ESCAPE,IN_WIN,MIXED,False,False
2026-07-06_09_11,0.2750993231530288,0.5320699420425417,0.37306724318489176,0.4497232096804408,0.8939249342066834,neutral,S3_C3_WIN_CENTER,C3__SASHI__IN_OUT__CENTER_OUTER,3,SASHI,IN_OUT,CENTER_OUTER,False,False
2026-07-06_09_12,0.3022355176736366,0.4815957973515357,0.3082817222684606,0.41958726794206186,0.8993368168524019,stable_escape,S0_C1_ESCAPE_IN_WIN,C1__ESCAPE__IN_WIN__MIXED,1,ESCAPE,IN_WIN,MIXED,False,False
2026-07-06_12_01,0.35255202119589163,0.4690826832241047,0.31961783064556437,0.42308553441105917,0.8896749573195903,stable_escape,S1_C2_SASHI_IN_REMAIN,C2__SASHI__IN_REMAIN__INNER_TOP3,2,SASHI,IN_REMAIN,INNER_TOP3,False,True
2026-07-06_12_02,0.264011535532954,0.53266735478784,0.363940135607464,0.4773866016084786,0.951052970358329,upset_or_flat,S4_C4_WIN_KADO,C4__MAKURI__IN_OUT__OUTER_CHAIN,4,MAKURI,IN_OUT,OUTER_CHAIN,True,False
2026-07-06_12_03,0.20813310221437328,0.5653680927596199,0.40823650476232665,0.4918733031051609,0.9447122567574328,attack_or_collapse,S5_OUTER_WIN_OR_CHAIN,C5__MAKURI__IN_OUT__CENTER_OUTER,5,MAKURI,IN_OUT,CENTER_OUTER,False,False
2026-07-06_12_04,0.2564095448851552,0.5206694594031087,0.3475690647448343,0.46989347459937253,0.94618053402866,upset_or_flat,S3_C3_WIN_CENTER,C3__MAKURI__IN_REMAIN__CENTER_OUTER,3,MAKURI,IN_REMAIN,CENTER_OUTER,False,False
2026-07-06_12_05,0.284538132913963,0.5078786695692934,0.3481519092758784,0.451251409407664,0.9043024154762028,neutral,S0_C1_ESCAPE_IN_WIN,C1__ESCAPE__IN_WIN__OUTER_CHAIN,1,ESCAPE,IN_WIN,OUTER_CHAIN,True,False
2026-07-06_12_06,0.2306031127429916,0.5446865757703043,0.3810231569019673,0.4826363395569316,0.9520505860126778,attack_or_collapse,S3_C3_WIN_CENTER,C3__MAKURI__IN_REMAIN__CENTER_OUTER,3,MAKURI,IN_REMAIN,CENTER_OUTER,False,False
2026-07-06_12_07,0.3243332160501254,0.4973069333002793,0.3647110702644901,0.4554787837956794,0.9366118133092005,stable_escape,S3_C3_WIN_CENTER,C3__MAKURI_SASHI__IN_REMAIN__CENTER_OUTER,3,MAKURI_SASHI,IN_REMAIN,CENTER_OUTER,False,False
2026-07-06_12_08,0.18284020128917924,0.572774351917702,0.37268686423801084,0.4900080743348535,0.9325698692106562,attack_or_collapse,S4_C4_WIN_KADO,C4__MAKURI__IN_OUT__OUTER_CHAIN,4,MAKURI,IN_OUT,OUTER_CHAIN,True,False
2026-07-06_12_09,0.3085230847196994,0.5050974771357015,0.36423689319027686,0.44629124331674835,0.8987255444188773,stable_escape,S0_C1_ESCAPE_IN_WIN,C1__ESCAPE__IN_WIN__OUTER_CHAIN,1,ESCAPE,IN_WIN,OUTER_CHAIN,True,False
2026-07-06_12_10,0.28698468399956256,0.5194382991341825,0.3853249060651605,0.46053763829757943,0.920973043700572,attack_or_collapse,S5_OUTER_WIN_OR_CHAIN,C6__MAKURI__IN_REMAIN__CENTER_OUTER,6,MAKURI,IN_REMAIN,CENTER_OUTER,False,False
2026-07-06_12_11,0.24798999824111803,0.5146587446516719,0.3605835430785413,0.4542546279067495,0.9084094489431416,neutral,S5_OUTER_WIN_OR_CHAIN,C5__MAKURI_SASHI__IN_REMAIN__OUTER_CHAIN,5,MAKURI_SASHI,IN_REMAIN,OUTER_CHAIN,True,False
2026-07-06_12_12,0.28171881263329146,0.5157314406754789,0.356205394173288,0.46583735677360366,0.8934091385233434,neutral,S0_C1_ESCAPE_IN_WIN,C1__ESCAPE__IN_WIN__CENTER_OUTER,1,ESCAPE,IN_WIN,CENTER_OUTER,False,False
2026-07-06_13_01,0.2471973005754229,0.5354276396988136,0.38401420058533803,0.4768038296432567,0.9389366373569666,attack_or_collapse,S0_C1_ESCAPE_IN_WIN,C1__ESCAPE__IN_WIN__CENTER_OUTER,1,ESCAPE,IN_WIN,CENTER_OUTER,False,False
2026-07-06_13_02,0.2752613865026117,0.5097447546251963,0.3406935803543226,0.4372961865729238,0.9378501958531625,neutral,S2_C2_WIN_IN_OUT,C2__SASHI__IN_OUT__CENTER_OUTER,2,SASHI,IN_OUT,CENTER_OUTER,False,False
2026-07-06_13_03,0.2088890601845458,0.5688932546475618,0.4172051076573677,0.4942513863056867,0.953307893392618,attack_or_collapse,S3_C3_WIN_CENTER,C3__MAKURI_SASHI__IN_REMAIN__CENTER_OUTER,3,MAKURI_SASHI,IN_REMAIN,CENTER_OUTER,False,False
2026-07-06_13_04,0.2518872694036038,0.5265472477154218,0.3550039263411551,0.4478548588948846,0.9370175127246321,neutral,S0_C1_ESCAPE_IN_WIN,C1__ESCAPE__IN_WIN__MIXED,1,ESCAPE,IN_WIN,MIXED,False,False
2026-07-06_13_05,0.2790085278059986,0.5053324164814947,0.3462915937202581,0.44216473651496657,0.9427350760886634,upset_or_flat,S4_C4_WIN_KADO,C4__MAKURI__IN_OUT__OUTER_CHAIN,4,MAKURI,IN_OUT,OUTER_CHAIN,True,False
2026-07-06_13_06,0.24988917451526044,0.5443591933254615,0.40335449857320776,0.4761534628505157,0.9416492759109499,attack_or_collapse,S0_C1_ESCAPE_IN_WIN,C1__ESCAPE__IN_WIN__OUTER_CHAIN,1,ESCAPE,IN_WIN,OUTER_CHAIN,True,False
2026-07-06_13_07,0.2703635047235168,0.5376356105054609,0.4003246789368967,0.4654329142571978,0.9127804943165251,attack_or_collapse,S0_C1_ESCAPE_IN_WIN,C1__ESCAPE__IN_WIN__MIXED,1,ESCAPE,IN_WIN,MIXED,False,False
2026-07-06_13_08,0.322726308470868,0.5034428903582144,0.3763938958276709,0.45930815816268544,0.8993701360394409,stable_escape,S0_C1_ESCAPE_IN_WIN,C1__MEGUMARE__IN_WIN__MIXED,1,MEGUMARE,IN_WIN,MIXED,False,False
2026-07-06_13_09,0.29984967172629745,0.5012435691845925,0.3300356973925415,0.45128729311282845,0.8979535667790852,stable_escape,S0_C1_ESCAPE_IN_WIN,C1__ESCAPE__IN_WIN__MIXED,1,ESCAPE,IN_WIN,MIXED,False,False
2026-07-06_13_10,0.2747784497063235,0.5220185599903524,0.36913067519742304,0.4515605100256957,0.8962360629660047,neutral,S0_C1_ESCAPE_IN_WIN,C1__ESCAPE__IN_WIN__OUTER_CHAIN,1,ESCAPE,IN_WIN,OUTER_CHAIN,True,False
2026-07-06_13_11,0.23788293006628722,0.5493076257709107,0.39556615953877383,0.47759964016365447,0.9464046471018276,attack_or_collapse,S0_C1_ESCAPE_IN_WIN,C1__ESCAPE__IN_WIN__OUTER_CHAIN,1,ESCAPE,IN_WIN,OUTER_CHAIN,True,False
2026-07-06_13_12,0.3096663889276136,0.483626001829587,0.32601748152255783,0.43962458441438623,0.8929841590299457,stable_escape,S0_C1_ESCAPE_IN_WIN,C1__ESCAPE__IN_WIN__CENTER_OUTER,1,ESCAPE,IN_WIN,CENTER_OUTER,False,False
2026-07-06_18_01,0.3146640564216008,0.5015191415528905,0.36327116643782964,0.43803180159062477,0.9096370445931927,stable_escape,S0_C1_ESCAPE_IN_WIN,C1__ESCAPE__IN_WIN__INNER_TOP3,1,ESCAPE,IN_WIN,INNER_TOP3,False,True
2026-07-06_18_02,0.3243314366933842,0.4867781667167891,0.34779417242728417,0.4399392529200277,0.8951352791289137,stable_escape,S0_C1_ESCAPE_IN_WIN,C1__ESCAPE__IN_WIN__CENTER_OUTER,1,ESCAPE,IN_WIN,CENTER_OUTER,False,False
2026-07-06_18_03,0.31690857414068824,0.4998889018412593,0.34655207068960425,0.45547852972708003,0.8882648358185905,stable_escape,S0_C1_ESCAPE_IN_WIN,C1__ESCAPE__IN_WIN__INNER_CENTER,1,ESCAPE,IN_WIN,INNER_CENTER,False,False
2026-07-06_18_04,0.31682909471902804,0.49244215117838014,0.33037210221994284,0.43602272554451726,0.8874583515099179,stable_escape,S1_C2_SASHI_IN_REMAIN,C2__SASHI__IN_REMAIN__INNER_CENTER,2,SASHI,IN_REMAIN,INNER_CENTER,False,False
2026-07-06_18_05,0.2560611319734372,0.5359708274130237,0.38216855488636914,0.4654199354026176,0.9410301516048175,attack_or_collapse,S0_C1_ESCAPE_IN_WIN,C1__ESCAPE__IN_WIN__CENTER_OUTER,1,ESCAPE,IN_WIN,CENTER_OUTER,False,False
2026-07-06_18_06,0.2713097095131893,0.5289792154662076,0.3809774331907595,0.4767040504731655,0.9495728909700613,attack_or_collapse,S0_C1_ESCAPE_IN_WIN,C1__ESCAPE__IN_WIN__MIXED,1,ESCAPE,IN_WIN,MIXED,False,False
2026-07-06_18_07,0.21898406214604157,0.5360786116866099,0.33796725569941105,0.4712213694301319,0.9546862468198631,attack_or_collapse,S0_C1_ESCAPE_IN_WIN,C1__ESCAPE__IN_WIN__CENTER_OUTER,1,ESCAPE,IN_WIN,CENTER_OUTER,False,False
2026-07-06_18_08,0.17184146813218143,0.5765216235016137,0.39816386424223377,0.4872772968670128,0.9530052570572687,attack_or_collapse,S0_C1_ESCAPE_IN_WIN,C1__ESCAPE__IN_WIN__OUTER_CHAIN,1,ESCAPE,IN_WIN,OUTER_CHAIN,True,False
2026-07-06_18_09,0.19329505890208784,0.5543722001196061,0.369548828342604,0.46987782583746585,0.9302053742043266,attack_or_collapse,S0_C1_ESCAPE_IN_WIN,C1__ESCAPE__IN_WIN__OUTER_CHAIN,1,ESCAPE,IN_WIN,OUTER_CHAIN,True,False
2026-07-06_18_10,0.21331190269385794,0.5686241645875343,0.3945275908707572,0.4632165388114302,0.915929350006214,attack_or_collapse,S2_C2_WIN_IN_OUT,C2__MAKURI__IN_OUT__CENTER_OUTER,2,MAKURI,IN_OUT,CENTER_OUTER,False,False
2026-07-06_18_11,0.20672517276674088,0.5410326475674527,0.3319854787750063,0.4624324139564257,0.9255905276043211,attack_or_collapse,S2_C2_WIN_IN_OUT,C2__MAKURI__IN_OUT__CENTER_OUTER,2,MAKURI,IN_OUT,CENTER_OUTER,False,False
2026-07-06_18_12,0.3290037232394426,0.4987252880553874,0.3493476383113152,0.4593752832856958,0.8945059746692424,stable_escape,S0_C1_ESCAPE_IN_WIN,C1__ESCAPE__IN_WIN__INNER_CENTER,1,ESCAPE,IN_WIN,INNER_CENTER,False,False
2026-07-06_21_01,0.31971268930669855,0.5082559267577542,0.3790650326981104,0.4443955446586571,0.8938686869035273,attack_or_collapse,S4_C4_WIN_KADO,C4__SASHI__IN_REMAIN__OUTER_CHAIN,4,SASHI,IN_REMAIN,OUTER_CHAIN,True,False
2026-07-06_21_02,0.23459227332816118,0.5275179002434138,0.35334904317002624,0.45039695682323444,0.9052696998028774,neutral,S4_C4_WIN_KADO,C4__MAKURI__IN_OUT__OUTER_CHAIN,4,MAKURI,IN_OUT,OUTER_CHAIN,True,False
2026-07-06_21_03,0.32923926667151254,0.4932391726110258,0.35919707202667395,0.4434626490556575,0.8927919927027043,stable_escape,S0_C1_ESCAPE_IN_WIN,C1__ESCAPE__IN_WIN__MIXED,1,ESCAPE,IN_WIN,MIXED,False,False
2026-07-06_21_04,0.3344467695961364,0.488850717489361,0.3659984469805033,0.44903673593543286,0.8864607779969547,stable_escape,S0_C1_ESCAPE_IN_WIN,C1__ESCAPE__IN_WIN__CENTER_OUTER,1,ESCAPE,IN_WIN,CENTER_OUTER,False,False
2026-07-06_21_05,0.24641672482842653,0.513441328365007,0.35145802387146224,0.45154401446240594,0.9128795886446376,neutral,S5_OUTER_WIN_OR_CHAIN,C6__MAKURI_SASHI__IN_OUT__OUTER_CHAIN,6,MAKURI_SASHI,IN_OUT,OUTER_CHAIN,True,False
2026-07-06_21_06,0.1910341977972094,0.5648479488804834,0.38066474158081487,0.4839807327934162,0.9519589914924501,attack_or_collapse,S3_C3_WIN_CENTER,C3__MAKURI__IN_OUT__CENTER_OUTER,3,MAKURI,IN_OUT,CENTER_OUTER,False,False
2026-07-06_21_07,0.23566672122720164,0.5394447978253943,0.36204978640096863,0.47265532066667204,0.9430269128480767,attack_or_collapse,S0_C1_ESCAPE_IN_WIN,C1__ESCAPE__IN_WIN__OUTER_CHAIN,1,ESCAPE,IN_WIN,OUTER_CHAIN,True,False
2026-07-06_21_08,0.3040476080422519,0.5197502884595138,0.40399164318964786,0.46483181924856803,0.9241792051577159,attack_or_collapse,S5_OUTER_WIN_OR_CHAIN,C5__MAKURI__IN_OUT__OUTER_CHAIN,5,MAKURI,IN_OUT,OUTER_CHAIN,True,False
2026-07-06_21_09,0.3052132308986947,0.4971047270320339,0.3487340944615209,0.45206015201460387,0.9057663815796652,stable_escape,S0_C1_ESCAPE_IN_WIN,C1__ESCAPE__IN_WIN__INNER_CENTER,1,ESCAPE,IN_WIN,INNER_CENTER,False,False
2026-07-06_21_10,0.29385694442305516,0.4912986958684093,0.3225199664353584,0.44601658106655306,0.9110400475547717,stable_escape,S0_C1_ESCAPE_IN_WIN,C1__ESCAPE__IN_WIN__INNER_TOP3,1,ESCAPE,IN_WIN,INNER_TOP3,False,True
2026-07-06_21_11,0.3223669822150365,0.5037359974559175,0.3874325421502022,0.45440065742773983,0.8963220330095532,attack_or_collapse,S0_C1_ESCAPE_IN_WIN,C1__ESCAPE__IN_WIN__INNER_TOP3,1,ESCAPE,IN_WIN,INNER_TOP3,False,True
2026-07-06_21_12,0.3396908507194953,0.4896485562123916,0.3593576814986851,0.44652188192900055,0.89313929275563,stable_escape,S3_C3_WIN_CENTER,C3__MAKURI__IN_REMAIN__INNER_TOP3,3,MAKURI,IN_REMAIN,INNER_TOP3,False,True
2026-07-06_22_01,0.3030984725676632,0.520520674853509,0.40122189526352303,0.4604439257836382,0.8921905467172326,attack_or_collapse,S0_C1_ESCAPE_IN_WIN,C1__ESCAPE__IN_WIN__INNER_CENTER,1,ESCAPE,IN_WIN,INNER_CENTER,False,False
2026-07-06_22_02,0.2777050274532272,0.4895754737157548,0.3199002425922242,0.4380105662593494,0.9437783633230843,upset_or_flat,S3_C3_WIN_CENTER,C3__NUKI__IN_REMAIN__CENTER_OUTER,3,NUKI,IN_REMAIN,CENTER_OUTER,False,False
2026-07-06_22_03,0.2507206635996325,0.5168738697022851,0.3589586999466739,0.46442187691975606,0.9523329030730086,upset_or_flat,S4_C4_WIN_KADO,C4__NUKI__IN_OUT__OUTER_CHAIN,4,NUKI,IN_OUT,OUTER_CHAIN,True,False
2026-07-06_22_04,0.21702338171767724,0.5574652879273754,0.400451137160961,0.4895882856518009,0.9391240776413965,attack_or_collapse,S1_C2_SASHI_IN_REMAIN,C2__SASHI__IN_REMAIN__INNER_TOP3,2,SASHI,IN_REMAIN,INNER_TOP3,False,True
2026-07-06_22_05,0.3355789088334662,0.4767084882150757,0.3420235490103413,0.44133098091268685,0.8985971897930174,stable_escape,S0_C1_ESCAPE_IN_WIN,C1__ESCAPE__IN_WIN__CENTER_OUTER,1,ESCAPE,IN_WIN,CENTER_OUTER,False,False
2026-07-06_22_06,0.2975357180240725,0.5039647089543904,0.35945863991886673,0.44658318062749947,0.8986751861158333,stable_escape,S0_C1_ESCAPE_IN_WIN,C1__ESCAPE__IN_WIN__MIXED,1,ESCAPE,IN_WIN,MIXED,False,False
2026-07-06_22_07,0.2950477524734341,0.5134141828186708,0.37119061966929146,0.4456033435296159,0.8944195995792454,stable_escape,S0_C1_ESCAPE_IN_WIN,C1__ESCAPE__IN_WIN__INNER_CENTER,1,ESCAPE,IN_WIN,INNER_CENTER,False,False
2026-07-06_22_08,0.3128446703917776,0.507283010272692,0.37831513844377374,0.4637983255187843,0.9164350446342727,attack_or_collapse,S0_C1_ESCAPE_IN_WIN,C1__ESCAPE__IN_WIN__CENTER_OUTER,1,ESCAPE,IN_WIN,CENTER_OUTER,False,False
2026-07-06_22_09,0.3217941118292269,0.4969918636520023,0.3820788770545535,0.4528361456797809,0.9054504457728002,attack_or_collapse,S0_C1_ESCAPE_IN_WIN,C1__ESCAPE__IN_WIN__OUTER_CHAIN,1,ESCAPE,IN_WIN,OUTER_CHAIN,True,False
2026-07-06_22_10,0.2999540820869516,0.5217192480268746,0.3735151998169192,0.44500611655803973,0.8980101827437981,stable_escape,S0_C1_ESCAPE_IN_WIN,C1__ESCAPE__IN_WIN__INNER_CENTER,1,ESCAPE,IN_WIN,INNER_CENTER,False,False
2026-07-06_22_11,0.23369751079956277,0.5473474838855219,0.39604295205179046,0.48733257018408116,0.9280420287447009,attack_or_collapse,S3_C3_WIN_CENTER,C3__MAKURI__IN_OUT__CENTER_OUTER,3,MAKURI,IN_OUT,CENTER_OUTER,False,False
2026-07-06_22_12,0.31052676092888776,0.5018493270390287,0.34656181319479784,0.45726740744391486,0.9039719402398698,stable_escape,S0_C1_ESCAPE_IN_WIN,C1__ESCAPE__IN_WIN__INNER_TOP3,1,ESCAPE,IN_WIN,INNER_TOP3,False,True
2026-07-06_24_01,0.20683578640001177,0.5527608419306789,0.36843563398751833,0.46174786619549263,0.9453530420742317,attack_or_collapse,S3_C3_WIN_CENTER,C3__MAKURI_SASHI__IN_REMAIN__CENTER_OUTER,3,MAKURI_SASHI,IN_REMAIN,CENTER_OUTER,False,False
2026-07-06_24_02,0.2581742681759667,0.5372869056914154,0.3840718283433381,0.48142582134960116,0.9372700507133663,attack_or_collapse,S4_C4_WIN_KADO,C4__NUKI__IN_REMAIN__INNER_CENTER,4,NUKI,IN_REMAIN,INNER_CENTER,False,False
2026-07-06_24_03,0.2279125444550213,0.5550533268298747,0.39485579317905806,0.4735334795300856,0.9452048807718352,attack_or_collapse,S1_C2_SASHI_IN_REMAIN,C2__SASHI__IN_REMAIN__INNER_CENTER,2,SASHI,IN_REMAIN,INNER_CENTER,False,False
2026-07-06_24_04,0.21771112401974366,0.5469943714460762,0.37448274573773965,0.47348636684151,0.942639324302472,attack_or_collapse,S3_C3_WIN_CENTER,C3__MAKURI_SASHI__IN_REMAIN__INNER_TOP3,3,MAKURI_SASHI,IN_REMAIN,INNER_TOP3,False,True
2026-07-06_24_05,0.3041856890555751,0.5057918406597451,0.3465582976713487,0.46244068420933304,0.9410718947486818,upset_or_flat,S0_C1_ESCAPE_IN_WIN,C1__ESCAPE__IN_WIN__MIXED,1,ESCAPE,IN_WIN,MIXED,False,False
2026-07-06_24_06,0.2518943889049067,0.5372759150263084,0.381515761900578,0.47798388030379013,0.9407429717817516,attack_or_collapse,S2_C2_WIN_IN_OUT,C2__MAKURI__IN_OUT__OUTER_CHAIN,2,MAKURI,IN_OUT,OUTER_CHAIN,True,False
2026-07-06_24_07,0.26269193813661895,0.5315057961577175,0.3877035561547376,0.4768268410029042,0.9291831819859971,attack_or_collapse,S0_C1_ESCAPE_IN_WIN,C1__ESCAPE__IN_WIN__CENTER_OUTER,1,ESCAPE,IN_WIN,CENTER_OUTER,False,False
2026-07-06_24_08,0.26444088441571734,0.5419338056567287,0.41780238746736337,0.48029741275855853,0.9387374381315997,attack_or_collapse,S0_C1_ESCAPE_IN_WIN,C1__ESCAPE__IN_WIN__OUTER_CHAIN,1,ESCAPE,IN_WIN,OUTER_CHAIN,True,False
2026-07-06_24_09,0.25990677217052577,0.5182143392348648,0.34664023569234964,0.4583680213178642,0.9349917357436254,neutral,S0_C1_ESCAPE_IN_WIN,C1__ESCAPE__IN_WIN__CENTER_OUTER,1,ESCAPE,IN_WIN,CENTER_OUTER,False,False
2026-07-06_24_10,0.2612929873178066,0.5362539130617412,0.3991586514416265,0.46675714307292065,0.9069315345427035,attack_or_collapse,S0_C1_ESCAPE_IN_WIN,C1__ESCAPE__IN_WIN__CENTER_OUTER,1,ESCAPE,IN_WIN,CENTER_OUTER,False,False
2026-07-06_24_11,0.24658508636490442,0.5301828433682031,0.35130479013004634,0.46137219571633786,0.9012302176070714,neutral,S5_OUTER_WIN_OR_CHAIN,C6__MAKURI_SASHI__IN_REMAIN__CENTER_OUTER,6,MAKURI_SASHI,IN_REMAIN,CENTER_OUTER,False,False
2026-07-06_24_12,0.3037058542326319,0.49717829055088014,0.3443220911841211,0.44373374694429757,0.8923668282485426,stable_escape,S0_C1_ESCAPE_IN_WIN,C1__ESCAPE__IN_WIN__OUTER_CHAIN,1,ESCAPE,IN_WIN,OUTER_CHAIN,True,False
2026-07-07_01_01,0.2850953033201651,0.5385092529421505,0.4281929141928115,0.4855014006445221,0.9369978376646833,attack_or_collapse,S2_C2_WIN_IN_OUT,C2__MAKURI__IN_OUT__OUTER_CHAIN,2,MAKURI,IN_OUT,OUTER_CHAIN,True,False
2026-07-07_01_02,0.3245893110504945,0.4948326652587829,0.35792820176816553,0.4465409327008629,0.9395644290703251,upset_or_flat,S3_C3_WIN_CENTER,C3__MEGUMARE__IN_OUT__CENTER_OUTER,3,MEGUMARE,IN_OUT,CENTER_OUTER,False,False
2026-07-07_01_03,0.21128721882429974,0.5537210402920578,0.3671936040545256,0.48350382653930357,0.9454500208606657,attack_or_collapse,S2_C2_WIN_IN_OUT,C2__SASHI__IN_OUT__CENTER_OUTER,2,SASHI,IN_OUT,CENTER_OUTER,False,False
2026-07-07_01_04,0.20243860029913363,0.5479167916932872,0.33914659227789057,0.4733582724810275,0.93512613299695,attack_or_collapse,S2_C2_WIN_IN_OUT,C2__MAKURI__IN_OUT__CENTER_OUTER,2,MAKURI,IN_OUT,CENTER_OUTER,False,False
2026-07-07_01_05,0.2483054919399048,0.5137398553084596,0.3214295456753282,0.446320770912204,0.9357098448356267,neutral,S5_OUTER_WIN_OR_CHAIN,C6__NUKI__IN_REMAIN__OUTER_CHAIN,6,NUKI,IN_REMAIN,OUTER_CHAIN,True,False
2026-07-07_01_06,0.32608284752454125,0.5123522874808124,0.408470629388235,0.4580921566554972,0.8854955132500208,attack_or_collapse,S0_C1_ESCAPE_IN_WIN,C1__ESCAPE__IN_WIN__INNER_TOP3,1,ESCAPE,IN_WIN,INNER_TOP3,False,True
2026-07-07_01_07,0.2384303235490074,0.5371889179903884,0.35977097019167215,0.46569532487082116,0.901219907521395,attack_or_collapse,S0_C1_ESCAPE_IN_WIN,C1__ESCAPE__IN_WIN__CENTER_OUTER,1,ESCAPE,IN_WIN,CENTER_OUTER,False,False
2026-07-07_01_08,0.3092532671134325,0.4874172464104452,0.34984141788328726,0.4436416267882856,0.8997701080837085,stable_escape,S0_C1_ESCAPE_IN_WIN,C1__ESCAPE__IN_WIN__INNER_TOP3,1,ESCAPE,IN_WIN,INNER_TOP3,False,True
2026-07-07_01_09,0.27385373008045605,0.522307002541007,0.3711261565056284,0.45788535779252626,0.9197627204707735,neutral,S3_C3_WIN_CENTER,C3__MAKURI__IN_OUT__OUTER_CHAIN,3,MAKURI,IN_OUT,OUTER_CHAIN,True,False
2026-07-07_01_10,0.3459377270218703,0.47350339126580515,0.3287222429310069,0.43164053658885615,0.8887096128040608,stable_escape,S0_C1_ESCAPE_IN_WIN,C1__ESCAPE__IN_WIN__CENTER_OUTER,1,ESCAPE,IN_WIN,CENTER_OUTER,False,False
2026-07-07_01_11,0.28222575312942505,0.5085239759124733,0.3266977121704807,0.4475346720094077,0.9076288442365654,neutral,S3_C3_WIN_CENTER,C3__MAKURI_SASHI__IN_REMAIN__INNER_TOP3,3,MAKURI_SASHI,IN_REMAIN,INNER_TOP3,False,True
2026-07-07_01_12,0.2723639181912583,0.5213688562921953,0.3759691246362562,0.4622153714309277,0.9087000496585437,neutral,S0_C1_ESCAPE_IN_WIN,C1__ESCAPE__IN_WIN__INNER_CENTER,1,ESCAPE,IN_WIN,INNER_CENTER,False,False
2026-07-07_02_01,0.2991309989468416,0.5024940544578745,0.3396547839002989,0.4481268669016886,0.8969171414984606,stable_escape,S4_C4_WIN_KADO,C4__MAKURI__IN_REMAIN__OUTER_CHAIN,4,MAKURI,IN_REMAIN,OUTER_CHAIN,True,False
2026-07-07_02_02,0.3285859672793878,0.5032025275752385,0.3652091360471795,0.4434492556986421,0.9130306404506061,stable_escape,S5_OUTER_WIN_OR_CHAIN,C5__MAKURI_SASHI__IN_REMAIN__OUTER_CHAIN,5,MAKURI_SASHI,IN_REMAIN,OUTER_CHAIN,True,False
2026-07-07_02_03,0.19990893594491954,0.5289279156184357,0.3482947802305981,0.47028314769034485,0.95476467948392,upset_or_flat,S4_C4_WIN_KADO,C4__MAKURI__IN_OUT__OUTER_CHAIN,4,MAKURI,IN_OUT,OUTER_CHAIN,True,False
2026-07-07_02_04,0.2957570079063356,0.5033399896940611,0.33505934227674916,0.45598584590929153,0.9172477018911094,stable_escape,S0_C1_ESCAPE_IN_WIN,C1__ESCAPE__IN_WIN__OUTER_CHAIN,1,ESCAPE,IN_WIN,OUTER_CHAIN,True,False
2026-07-07_02_05,0.2588535482241535,0.5322120438742064,0.3873298526932746,0.46992508983066394,0.9121990479091443,attack_or_collapse,S4_C4_WIN_KADO,C4__MAKURI__IN_REMAIN__INNER_CENTER,4,MAKURI,IN_REMAIN,INNER_CENTER,False,False
2026-07-07_02_06,0.2855813824418124,0.4975383043712807,0.31749366097416537,0.4397860424617497,0.9065276772656548,neutral,S0_C1_ESCAPE_IN_WIN,C1__ESCAPE__IN_WIN__MIXED,1,ESCAPE,IN_WIN,MIXED,False,False
2026-07-07_02_07,0.28334250778507897,0.5180975336924711,0.36941300750877404,0.4579931829777649,0.8990585851405798,neutral,S5_OUTER_WIN_OR_CHAIN,C5__MAKURI_SASHI__IN_REMAIN__OUTER_CHAIN,5,MAKURI_SASHI,IN_REMAIN,OUTER_CHAIN,True,False
2026-07-07_02_08,0.23936424030370557,0.5294999760590988,0.3507920752719368,0.46865612771779674,0.9185349522134658,neutral,S2_C2_WIN_IN_OUT,C2__NUKI__IN_REMAIN__INNER_TOP3,2,NUKI,IN_REMAIN,INNER_TOP3,False,True
2026-07-07_02_09,0.27426648183979213,0.5187247017554585,0.37409153640672776,0.45452041358313966,0.9035170048536163,neutral,S3_C3_WIN_CENTER,C3__MAKURI__IN_REMAIN__CENTER_OUTER,3,MAKURI,IN_REMAIN,CENTER_OUTER,False,False
2026-07-07_02_10,0.30633371080914024,0.4987556702637744,0.3502546778517782,0.4532631176915216,0.919165406426183,stable_escape,S2_C2_WIN_IN_OUT,C2__MAKURI__IN_REMAIN__MIXED,2,MAKURI,IN_REMAIN,MIXED,False,False
2026-07-07_02_11,0.2969683266955058,0.515141151782355,0.38465066168919704,0.4739867738727789,0.9141120987468195,attack_or_collapse,S0_C1_ESCAPE_IN_WIN,C1__ESCAPE__IN_WIN__INNER_CENTER,1,ESCAPE,IN_WIN,INNER_CENTER,False,False
2026-07-07_02_12,0.3065738285674128,0.5027029831545227,0.37569340086095615,0.45396399630300194,0.9020027408222653,stable_escape,S0_C1_ESCAPE_IN_WIN,C1__ESCAPE__IN_WIN__CENTER_OUTER,1,ESCAPE,IN_WIN,CENTER_OUTER,False,False
2026-07-07_04_01,0.24964923896855307,0.5266051389508606,0.3552620852056502,0.4723675125682866,0.9546440144016075,upset_or_flat,S5_OUTER_WIN_OR_CHAIN,C6__MAKURI__IN_OUT__CENTER_OUTER,6,MAKURI,IN_OUT,CENTER_OUTER,False,False
2026-07-07_04_02,0.20298391164841065,0.5379017053254836,0.34429504832769997,0.4726551059586175,0.9419388049565682,attack_or_collapse,S0_C1_ESCAPE_IN_WIN,C1__ESCAPE__IN_WIN__MIXED,1,ESCAPE,IN_WIN,MIXED,False,False
2026-07-07_04_03,0.1649422808628509,0.5921825048927121,0.42170849884026235,0.49996464823446657,0.9514989402976697,attack_or_collapse,S3_C3_WIN_CENTER,C3__MAKURI__IN_OUT__OUTER_CHAIN,3,MAKURI,IN_OUT,OUTER_CHAIN,True,False
2026-07-07_04_04,0.20257671830669696,0.5619027787902688,0.39542815299360173,0.4795594811595288,0.9521866711191199,attack_or_collapse,S3_C3_WIN_CENTER,C3__MAKURI__IN_REMAIN__CENTER_OUTER,3,MAKURI,IN_REMAIN,CENTER_OUTER,False,False
2026-07-07_04_05,0.28149784786680054,0.5153688657023907,0.3460071451255264,0.4623420162523778,0.9304038397871178,neutral,S2_C2_WIN_IN_OUT,C2__NUKI__IN_OUT__CENTER_OUTER,2,NUKI,IN_OUT,CENTER_OUTER,False,False
2026-07-07_04_06,0.31121273726632104,0.4981695748825884,0.3582711435051925,0.4566512121894754,0.8969325316605193,stable_escape,S0_C1_ESCAPE_IN_WIN,C1__ESCAPE__IN_WIN__OUTER_CHAIN,1,ESCAPE,IN_WIN,OUTER_CHAIN,True,False
2026-07-07_04_07,0.1987904688929191,0.546341086844726,0.34864259167421235,0.4816418418782274,0.9484221016492818,attack_or_collapse,S0_C1_ESCAPE_IN_WIN,C1__ESCAPE__IN_WIN__OUTER_CHAIN,1,ESCAPE,IN_WIN,OUTER_CHAIN,True,False
2026-07-07_04_08,0.3056689880882386,0.48763026980017893,0.3066467725921598,0.4392905230569122,0.9342055595858196,stable_escape,S1_C2_SASHI_IN_REMAIN,C2__SASHI__IN_REMAIN__MIXED,2,SASHI,IN_REMAIN,MIXED,False,False
2026-07-07_04_09,0.2837555743557604,0.5197876303424718,0.383657534303424,0.4586108267311212,0.9291103731429055,attack_or_collapse,S0_C1_ESCAPE_IN_WIN,C1__ESCAPE__IN_WIN__CENTER_OUTER,1,ESCAPE,IN_WIN,CENTER_OUTER,False,False
2026-07-07_04_10,0.2667359106442337,0.518683401042551,0.3283269621341803,0.4497251738855535,0.8987753024818261,neutral,S0_C1_ESCAPE_IN_WIN,C1__ESCAPE__IN_WIN__INNER_CENTER,1,ESCAPE,IN_WIN,INNER_CENTER,False,False
2026-07-07_04_11,0.3200648101956093,0.49745171882882666,0.33993893549945886,0.44006658177426294,0.9033478723710804,stable_escape,S0_C1_ESCAPE_IN_WIN,C1__ESCAPE__IN_WIN__MIXED,1,ESCAPE,IN_WIN,MIXED,False,False
2026-07-07_04_12,0.2660807306386809,0.5265305097242112,0.3627748661310598,0.4733184607766264,0.9267273115940737,upset_or_flat,S0_C1_ESCAPE_IN_WIN,C1__ESCAPE__IN_WIN__INNER_TOP3,1,ESCAPE,IN_WIN,INNER_TOP3,False,True
2026-07-07_05_01,0.25214478718968514,0.5265002368551686,0.3411304590357231,0.45503203088074134,0.9257932996056221,neutral,S5_OUTER_WIN_OR_CHAIN,C5__SASHI__IN_REMAIN__CENTER_OUTER,5,SASHI,IN_REMAIN,CENTER_OUTER,False,False
2026-07-07_05_02,0.19519521760135372,0.5724713788944742,0.385414768065005,0.48190063800595284,0.9385154237878246,attack_or_collapse,S0_C1_ESCAPE_IN_WIN,C1__ESCAPE__IN_WIN__OUTER_CHAIN,1,ESCAPE,IN_WIN,OUTER_CHAIN,True,False
2026-07-07_05_03,0.20867202004905722,0.5441486205004855,0.3423135247953156,0.47514251964727827,0.9497527894693361,attack_or_collapse,S0_C1_ESCAPE_IN_WIN,C1__ESCAPE__IN_WIN__CENTER_OUTER,1,ESCAPE,IN_WIN,CENTER_OUTER,False,False
2026-07-07_05_04,0.23421197348330222,0.5305375292415222,0.3591899308604727,0.4604938763161553,0.9423039951455751,upset_or_flat,S1_C2_SASHI_IN_REMAIN,C2__SASHI__IN_REMAIN__INNER_TOP3,2,SASHI,IN_REMAIN,INNER_TOP3,False,True
2026-07-07_05_05,0.27778886417673965,0.542203322583839,0.4300417456985311,0.4871544941374207,0.9299594951065296,attack_or_collapse,S0_C1_ESCAPE_IN_WIN,C1__ESCAPE__IN_WIN__CENTER_OUTER,1,ESCAPE,IN_WIN,CENTER_OUTER,False,False
2026-07-07_05_06,0.2317914233900294,0.5646272140352901,0.43055254918285435,0.49609162774837223,0.9510260632874301,attack_or_collapse,S5_OUTER_WIN_OR_CHAIN,C5__MAKURI_SASHI__IN_REMAIN__OUTER_CHAIN,5,MAKURI_SASHI,IN_REMAIN,OUTER_CHAIN,True,False
2026-07-07_05_07,0.3122148789827812,0.5127240494342953,0.3688845523554275,0.45426894928618816,0.9420517469456813,upset_or_flat,S4_C4_WIN_KADO,C4__MAKURI_SASHI__IN_OUT__OUTER_CHAIN,4,MAKURI_SASHI,IN_OUT,OUTER_CHAIN,True,False
2026-07-07_05_08,0.28128453528612996,0.49905576808972885,0.3267128288257889,0.4406333495538464,0.9169846676743483,neutral,S4_C4_WIN_KADO,C4__MAKURI_SASHI__IN_REMAIN__INNER_CENTER,4,MAKURI_SASHI,IN_REMAIN,INNER_CENTER,False,False
2026-07-07_05_09,0.21770760702749403,0.5311637926008499,0.31898160619681626,0.4578449527086298,0.9238111451599527,neutral,S3_C3_WIN_CENTER,C3__MAKURI_SASHI__IN_OUT__OUTER_CHAIN,3,MAKURI_SASHI,IN_OUT,OUTER_CHAIN,True,False
2026-07-07_05_10,0.3008667299164044,0.5207889499064204,0.3948705024463458,0.46529081055686083,0.9146283074867132,attack_or_collapse,S3_C3_WIN_CENTER,C3__MAKURI__IN_REMAIN__CENTER_OUTER,3,MAKURI,IN_REMAIN,CENTER_OUTER,False,False
2026-07-07_05_11,0.2870558522193779,0.5287145187537123,0.39863978812192635,0.4630705166260012,0.9129440193170298,attack_or_collapse,S5_OUTER_WIN_OR_CHAIN,C5__MAKURI__IN_OUT__CENTER_OUTER,5,MAKURI,IN_OUT,CENTER_OUTER,False,False
2026-07-07_05_12,0.27809873665647666,0.505679747830389,0.36349403745430764,0.4575959022428911,0.9492936997784516,upset_or_flat,S2_C2_WIN_IN_OUT,C2__MAKURI__IN_OUT__OUTER_CHAIN,2,MAKURI,IN_OUT,OUTER_CHAIN,True,False
2026-07-07_08_01,0.22538652152564198,0.5352988809234085,0.3546180293605068,0.45503664976298813,0.9417506835856836,attack_or_collapse,S2_C2_WIN_IN_OUT,C2__NUKI__IN_OUT__OUTER_CHAIN,2,NUKI,IN_OUT,OUTER_CHAIN,True,False
2026-07-07_08_02,0.3245005429076204,0.4979793176380865,0.350626082072224,0.4596840897099625,0.9455361678831862,upset_or_flat,S3_C3_WIN_CENTER,C3__NUKI__IN_REMAIN__INNER_TOP3,3,NUKI,IN_REMAIN,INNER_TOP3,False,True
2026-07-07_08_03,0.24806489098260506,0.5249866996959702,0.35027189409286597,0.46997098232140216,0.9448839534647206,upset_or_flat,S0_C1_ESCAPE_IN_WIN,C1__ESCAPE__IN_WIN__MIXED,1,ESCAPE,IN_WIN,MIXED,False,False
2026-07-07_08_04,0.23091073103812018,0.5293510954314313,0.3606756430458748,0.47649910550841607,0.9506380329902474,upset_or_flat,S0_C1_ESCAPE_IN_WIN,C1__ESCAPE__IN_WIN__CENTER_OUTER,1,ESCAPE,IN_WIN,CENTER_OUTER,False,False
2026-07-07_08_05,0.20789173934596586,0.5605746857002125,0.3878443932323645,0.48011654444602425,0.916263498695397,attack_or_collapse,S4_C4_WIN_KADO,C4__MAKURI__IN_OUT__OUTER_CHAIN,4,MAKURI,IN_OUT,OUTER_CHAIN,True,False
2026-07-07_08_06,0.2808810359491654,0.5071285957686771,0.3445380101458156,0.4445812190635708,0.9028647598759055,neutral,S4_C4_WIN_KADO,C4__MAKURI_SASHI__IN_REMAIN__INNER_CENTER,4,MAKURI_SASHI,IN_REMAIN,INNER_CENTER,False,False
2026-07-07_08_07,0.2754669286416613,0.527534863547656,0.3839065351761495,0.46770989256650386,0.9494996786636397,attack_or_collapse,S2_C2_WIN_IN_OUT,C2__MAKURI__IN_OUT__CENTER_OUTER,2,MAKURI,IN_OUT,CENTER_OUTER,False,False
2026-07-07_08_08,0.20762134878618171,0.5419508090752618,0.33396687131915576,0.4667163631761919,0.901095824371993,attack_or_collapse,S0_C1_ESCAPE_IN_WIN,C1__ESCAPE__IN_OUT__MIXED,1,ESCAPE,IN_OUT,MIXED,False,False
2026-07-07_08_09,0.2709428176246511,0.5461828869887478,0.4331319784572043,0.49138563313884764,0.9471542352513787,attack_or_collapse,S5_OUTER_WIN_OR_CHAIN,C6__MAKURI__IN_REMAIN__MIXED,6,MAKURI,IN_REMAIN,MIXED,False,False
2026-07-07_08_10,0.2519800235915897,0.5417689221737743,0.4011831502741928,0.4679411798814787,0.8959501299696652,attack_or_collapse,S4_C4_WIN_KADO,C4__SASHI__IN_REMAIN__CENTER_OUTER,4,SASHI,IN_REMAIN,CENTER_OUTER,False,False
2026-07-07_08_11,0.3003584624681989,0.5073246404715135,0.34659914782377466,0.4402378851593054,0.9087955975280069,stable_escape,S0_C1_ESCAPE_IN_WIN,C1__ESCAPE__IN_WIN__MIXED,1,ESCAPE,IN_WIN,MIXED,False,False
2026-07-07_08_12,0.3116202701331416,0.496104543636402,0.34419345484297004,0.4579441385346494,0.9252609055124698,stable_escape,S0_C1_ESCAPE_IN_WIN,C1__ESCAPE__IN_WIN__CENTER_OUTER,1,ESCAPE,IN_WIN,CENTER_OUTER,False,False
2026-07-07_10_01,0.35900161770053496,0.45958710477068965,0.29854533035753616,0.38998404240985723,0.8719012403631844,stable_escape,S3_C3_WIN_CENTER,C3__MAKURI_SASHI__IN_REMAIN__CENTER_OUTER,3,MAKURI_SASHI,IN_REMAIN,CENTER_OUTER,False,False
2026-07-07_10_02,0.2461786826446921,0.5390398860697927,0.36505258666138973,0.47812677596335246,0.9401965229087729,attack_or_collapse,S5_OUTER_WIN_OR_CHAIN,C5__MAKURI__IN_OUT__OUTER_CHAIN,5,MAKURI,IN_OUT,OUTER_CHAIN,True,False
2026-07-07_10_03,0.34195999088141926,0.4820388834171706,0.3613912452466586,0.44282809223370184,0.9081553788995101,stable_escape,S0_C1_ESCAPE_IN_WIN,C1__ESCAPE__IN_WIN__INNER_TOP3,1,ESCAPE,IN_WIN,INNER_TOP3,False,True
2026-07-07_10_04,0.28269874370786763,0.5144947100959096,0.3717304625630662,0.47473287745148174,0.908359119147415,upset_or_flat,S0_C1_ESCAPE_IN_WIN,C1__ESCAPE__IN_WIN__MIXED,1,ESCAPE,IN_WIN,MIXED,False,False
2026-07-07_10_05,0.3116237572290884,0.5144579003197881,0.37302333163587903,0.44649383483804267,0.9136896256021192,stable_escape,S4_C4_WIN_KADO,C4__MAKURI__IN_REMAIN__INNER_CENTER,4,MAKURI,IN_REMAIN,INNER_CENTER,False,False
2026-07-07_10_06,0.22718027157544338,0.528805836050124,0.3521506326166643,0.4726311759685975,0.9459105732621569,upset_or_flat,S5_OUTER_WIN_OR_CHAIN,C5__MAKURI_SASHI__IN_REMAIN__OUTER_CHAIN,5,MAKURI_SASHI,IN_REMAIN,OUTER_CHAIN,True,False
2026-07-07_10_07,0.24049522370685958,0.5295001245484581,0.36322168066221333,0.47969011423581853,0.9411843033958112,upset_or_flat,S0_C1_ESCAPE_IN_WIN,C1__ESCAPE__IN_WIN__CENTER_OUTER,1,ESCAPE,IN_WIN,CENTER_OUTER,False,False
2026-07-07_10_08,0.2717536735307446,0.5049033969539154,0.3295579303893075,0.4494970742510598,0.9268285115011471,neutral,S1_C2_SASHI_IN_REMAIN,C2__SASHI__IN_REMAIN__INNER_TOP3,2,SASHI,IN_REMAIN,INNER_TOP3,False,True
2026-07-07_10_09,0.2746009026568497,0.5200826698581216,0.35305411598542197,0.46542058300102535,0.9424058713419532,upset_or_flat,S0_C1_ESCAPE_IN_WIN,C1__ESCAPE__IN_WIN__OUTER_CHAIN,1,ESCAPE,IN_WIN,OUTER_CHAIN,True,False
2026-07-07_10_10,0.19019972104505906,0.5743126388031325,0.4006057601940579,0.4935576902332338,0.9522397054718315,attack_or_collapse,S3_C3_WIN_CENTER,C3__MAKURI_SASHI__IN_REMAIN__CENTER_OUTER,3,MAKURI_SASHI,IN_REMAIN,CENTER_OUTER,False,False
2026-07-07_10_11,0.19967096316696364,0.5591882188892674,0.3870496019792178,0.4728738907761501,0.9512182740363722,attack_or_collapse,S5_OUTER_WIN_OR_CHAIN,C5__SASHI__IN_REMAIN__MIXED,5,SASHI,IN_REMAIN,MIXED,False,False
2026-07-07_10_12,0.26920359037323244,0.5123967393130755,0.35623308678415194,0.46340619967735686,0.8986493338489256,neutral,S0_C1_ESCAPE_IN_WIN,C1__ESCAPE__IN_WIN__INNER_CENTER,1,ESCAPE,IN_WIN,INNER_CENTER,False,False
2026-07-07_11_01,0.2769592770889737,0.5132730995302429,0.3628732207194033,0.4491011170197478,0.9217732404872617,neutral,S0_C1_ESCAPE_IN_WIN,C1__ESCAPE__IN_WIN__CENTER_OUTER,1,ESCAPE,IN_WIN,CENTER_OUTER,False,False
2026-07-07_11_02,0.24174314071669076,0.5313353967412315,0.36850293591721095,0.4723092065294455,0.9445715789047926,upset_or_flat,S0_C1_ESCAPE_IN_WIN,C1__ESCAPE__IN_WIN__CENTER_OUTER,1,ESCAPE,IN_WIN,CENTER_OUTER,False,False
2026-07-07_11_03,0.26402633649168067,0.5391558180853533,0.40379632835645,0.492961268760519,0.9190820676113934,attack_or_collapse,S0_C1_ESCAPE_IN_WIN,C1__ESCAPE__IN_WIN__CENTER_OUTER,1,ESCAPE,IN_WIN,CENTER_OUTER,False,False
2026-07-07_11_04,0.23842527449896003,0.5541010026965034,0.412851121674262,0.47877541137342206,0.9092806362037321,attack_or_collapse,S4_C4_WIN_KADO,C4__MAKURI__IN_OUT__OUTER_CHAIN,4,MAKURI,IN_OUT,OUTER_CHAIN,True,False
2026-07-07_11_05,0.3113426823132569,0.5020176790660867,0.36356510153523813,0.4555314437211614,0.9058868367777112,stable_escape,S0_C1_ESCAPE_IN_WIN,C1__ESCAPE__IN_WIN__MIXED,1,ESCAPE,IN_WIN,MIXED,False,False
2026-07-07_11_06,0.24163498625299823,0.5449583442658963,0.37078734074682007,0.45787780472861056,0.9378098686663655,attack_or_collapse,S3_C3_WIN_CENTER,C3__MAKURI__IN_OUT__CENTER_OUTER,3,MAKURI,IN_OUT,CENTER_OUTER,False,False
2026-07-07_11_07,0.25691140768217774,0.5174014852054403,0.348809956276753,0.4607240058532136,0.9347062186717378,neutral,S2_C2_WIN_IN_OUT,C2__MAKURI__IN_OUT__CENTER_OUTER,2,MAKURI,IN_OUT,CENTER_OUTER,False,False
2026-07-07_11_08,0.20362640655388337,0.5531174212990364,0.37873413460540645,0.4734413914560549,0.9480841784054959,attack_or_collapse,S0_C1_ESCAPE_IN_WIN,C1__ESCAPE__IN_WIN__INNER_TOP3,1,ESCAPE,IN_WIN,INNER_TOP3,False,True
2026-07-07_11_09,0.245024452742385,0.5144636670171635,0.3499598900208915,0.45905238665068593,0.9203833155362325,neutral,S0_C1_ESCAPE_IN_WIN,C1__ESCAPE__IN_WIN__CENTER_OUTER,1,ESCAPE,IN_WIN,CENTER_OUTER,False,False
2026-07-07_11_10,0.2567018110024732,0.5340720425717262,0.37791330558499414,0.4535980934707826,0.919488587801208,attack_or_collapse,S3_C3_WIN_CENTER,C3__MAKURI_SASHI__IN_REMAIN__CENTER_OUTER,3,MAKURI_SASHI,IN_REMAIN,CENTER_OUTER,False,False
2026-07-07_11_11,0.30098165994199844,0.5188538030917422,0.38982524376615174,0.4707544874634382,0.9046148381487568,attack_or_collapse,S0_C1_ESCAPE_IN_WIN,C1__ESCAPE__IN_WIN__OUTER_CHAIN,1,ESCAPE,IN_WIN,OUTER_CHAIN,True,False
2026-07-07_11_12,0.2988462404217071,0.5177441064388905,0.39737422855027077,0.4731410677155983,0.9103514444061891,attack_or_collapse,S0_C1_ESCAPE_IN_WIN,C1__ESCAPE__IN_WIN__CENTER_OUTER,1,ESCAPE,IN_WIN,CENTER_OUTER,False,False
2026-07-07_12_01,0.2896655016762412,0.5216177209587919,0.39453057695654176,0.47781975595188053,0.9162928281626723,attack_or_collapse,S0_C1_ESCAPE_IN_WIN,C1__ESCAPE__IN_WIN__CENTER_OUTER,1,ESCAPE,IN_WIN,CENTER_OUTER,False,False
2026-07-07_12_02,0.2772535118005407,0.5034960267839887,0.3496011675012786,0.45819642074305655,0.9399965669185569,upset_or_flat,S0_C1_ESCAPE_IN_WIN,C1__ESCAPE__IN_WIN__INNER_TOP3,1,ESCAPE,IN_WIN,INNER_TOP3,False,True
2026-07-07_12_03,0.2999690751895674,0.5244620305318067,0.4130165617448562,0.469429956913484,0.9019796947874803,attack_or_collapse,S4_C4_WIN_KADO,C4__MAKURI__IN_OUT__OUTER_CHAIN,4,MAKURI,IN_OUT,OUTER_CHAIN,True,False
2026-07-07_12_04,0.3016618474693294,0.507352073445043,0.3570944810578408,0.4514297491432417,0.8987386805186135,stable_escape,S0_C1_ESCAPE_IN_WIN,C1__ESCAPE__IN_WIN__INNER_TOP3,1,ESCAPE,IN_WIN,INNER_TOP3,False,True
2026-07-07_12_05,0.26067209793161555,0.5276196835584228,0.3628876196393599,0.4680741546128258,0.9042121322173895,neutral,S1_C2_SASHI_IN_REMAIN,C2__SASHI__IN_REMAIN__MIXED,2,SASHI,IN_REMAIN,MIXED,False,False
2026-07-07_12_06,0.348877434983969,0.4733051480594197,0.34451674143505073,0.44272850945433123,0.8850328775962255,stable_escape,S0_C1_ESCAPE_IN_WIN,C1__ESCAPE__IN_WIN__MIXED,1,ESCAPE,IN_WIN,MIXED,False,False
2026-07-07_12_07,0.23477365547574097,0.5343232389833148,0.35702935024278004,0.4643480850975147,0.9065883394154947,neutral,S3_C3_WIN_CENTER,C3__MAKURI_SASHI__IN_OUT__CENTER_OUTER,3,MAKURI_SASHI,IN_OUT,CENTER_OUTER,False,False
2026-07-07_12_08,0.34174030727303056,0.4939359341904017,0.3858039640908002,0.44549975394804225,0.9016928667458264,attack_or_collapse,S0_C1_ESCAPE_IN_WIN,C1__ESCAPE__IN_WIN__CENTER_OUTER,1,ESCAPE,IN_WIN,CENTER_OUTER,False,False
2026-07-07_12_09,0.24533659056572116,0.5311482531424836,0.37448002349179466,0.462254829114026,0.9101889165705475,neutral,S0_C1_ESCAPE_IN_WIN,C1__ESCAPE__IN_WIN__INNER_TOP3,1,ESCAPE,IN_WIN,INNER_TOP3,False,True
2026-07-07_12_10,0.3390890115721758,0.4790324364032622,0.3550001530691027,0.4425096762329971,0.9008196531739606,stable_escape,S0_C1_ESCAPE_IN_WIN,C1__ESCAPE__IN_WIN__MIXED,1,ESCAPE,IN_WIN,MIXED,False,False
2026-07-07_12_11,0.29945882955651526,0.5101618598954938,0.34894444260748986,0.4566436458370436,0.9156131707705256,stable_escape,S2_C2_WIN_IN_OUT,C2__MEGUMARE__IN_OUT__OUTER_CHAIN,2,MEGUMARE,IN_OUT,OUTER_CHAIN,True,False
2026-07-07_12_12,0.21060373943145,0.5490361075895578,0.3755886348184223,0.4729372969667768,0.9124088419124456,attack_or_collapse,S1_C2_SASHI_IN_REMAIN,C2__SASHI__IN_REMAIN__INNER_TOP3,2,SASHI,IN_REMAIN,INNER_TOP3,False,True
2026-07-07_13_01,0.3027228713256371,0.5232708581137482,0.40482395521783665,0.46804140358764645,0.9357878273933007,attack_or_collapse,S1_C2_SASHI_IN_REMAIN,C2__SASHI__IN_REMAIN__MIXED,2,SASHI,IN_REMAIN,MIXED,False,False
2026-07-07_13_02,0.3175977184703555,0.4961528195334087,0.3373297512349587,0.4386340536859797,0.9451186138748975,upset_or_flat,S0_C1_ESCAPE_IN_WIN,C1__ESCAPE__IN_WIN__INNER_CENTER,1,ESCAPE,IN_WIN,INNER_CENTER,False,False
2026-07-07_13_03,0.23721519356043225,0.5362501345824902,0.36291451233967487,0.46036497750731,0.9315145829409518,attack_or_collapse,S1_C2_SASHI_IN_REMAIN,C2__SASHI__IN_REMAIN__INNER_TOP3,2,SASHI,IN_REMAIN,INNER_TOP3,False,True
2026-07-07_13_04,0.24205118431206618,0.5328003973788973,0.3598181579185077,0.4632550898831845,0.920961403330839,neutral,S4_C4_WIN_KADO,C4__NUKI__IN_OUT__OUTER_CHAIN,4,NUKI,IN_OUT,OUTER_CHAIN,True,False
2026-07-07_13_05,0.3043483161103063,0.4949267282414391,0.33643882339679787,0.44759203581270235,0.9189521173091706,stable_escape,S3_C3_WIN_CENTER,C3__MAKURI_SASHI__IN_REMAIN__INNER_TOP3,3,MAKURI_SASHI,IN_REMAIN,INNER_TOP3,False,True
2026-07-07_13_06,0.33564093056411043,0.49170326672022013,0.37259379455560626,0.4471789049825654,0.911544762445938,stable_escape,S0_C1_ESCAPE_IN_WIN,C1__ESCAPE__IN_WIN__OUTER_CHAIN,1,ESCAPE,IN_WIN,OUTER_CHAIN,True,False
2026-07-07_13_07,0.25860578331663947,0.5290018883517373,0.3778115715977252,0.459842680367177,0.9149851957887642,neutral,S0_C1_ESCAPE_IN_WIN,C1__ESCAPE__IN_WIN__OUTER_CHAIN,1,ESCAPE,IN_WIN,OUTER_CHAIN,True,False
2026-07-07_13_08,0.23296546115671934,0.5301410430606176,0.35386032478012747,0.4620789917121896,0.9055801953158451,neutral,S0_C1_ESCAPE_IN_WIN,C1__ESCAPE__IN_WIN__OUTER_CHAIN,1,ESCAPE,IN_WIN,OUTER_CHAIN,True,False
2026-07-07_13_09,0.2566664831682058,0.5329470567893393,0.3863873839256721,0.4682664151454866,0.9423749980221154,attack_or_collapse,S3_C3_WIN_CENTER,C3__MAKURI_SASHI__IN_REMAIN__CENTER_OUTER,3,MAKURI_SASHI,IN_REMAIN,CENTER_OUTER,False,False
2026-07-07_13_10,0.24613904273344137,0.5349244775373201,0.3665370891391999,0.4755722653331303,0.9041578848231131,upset_or_flat,S0_C1_ESCAPE_IN_WIN,C1__ESCAPE__IN_WIN__CENTER_OUTER,1,ESCAPE,IN_WIN,CENTER_OUTER,False,False
2026-07-07_13_11,0.2395090913310585,0.5545025495973603,0.416614311285885,0.48052096560106616,0.89776758370621,attack_or_collapse,S4_C4_WIN_KADO,C4__MAKURI__IN_OUT__OUTER_CHAIN,4,MAKURI,IN_OUT,OUTER_CHAIN,True,False
2026-07-07_13_12,0.3045965186913025,0.5158463750125079,0.3979010052773669,0.4582466268637886,0.9057422203834316,attack_or_collapse,S0_C1_ESCAPE_IN_WIN,C1__ESCAPE__IN_WIN__INNER_CENTER,1,ESCAPE,IN_WIN,INNER_CENTER,False,False
2026-07-07_18_01,0.31530345042592883,0.5004531175910757,0.34848225015752476,0.4521501469933206,0.902872285948199,stable_escape,S0_C1_ESCAPE_IN_WIN,C1__ESCAPE__IN_WIN__CENTER_OUTER,1,ESCAPE,IN_WIN,CENTER_OUTER,False,False
2026-07-07_18_02,0.31795133225452005,0.5027328608976311,0.38063070840081986,0.45356674054817403,0.8874193698527503,attack_or_collapse,S0_C1_ESCAPE_IN_WIN,C1__ESCAPE__IN_WIN__INNER_TOP3,1,ESCAPE,IN_WIN,INNER_TOP3,False,True
2026-07-07_18_03,0.27725720748875926,0.5371429751367429,0.40549758571523475,0.4767542278027366,0.9313704756700492,attack_or_collapse,S5_OUTER_WIN_OR_CHAIN,C5__SASHI__IN_REMAIN__OUTER_CHAIN,5,SASHI,IN_REMAIN,OUTER_CHAIN,True,False
2026-07-07_18_04,0.3438350355734554,0.4795290778727909,0.3182140577775025,0.4287197048678799,0.888127448460841,stable_escape,S5_OUTER_WIN_OR_CHAIN,C5__MAKURI_SASHI__IN_REMAIN__OUTER_CHAIN,5,MAKURI_SASHI,IN_REMAIN,OUTER_CHAIN,True,False
2026-07-07_18_05,0.27526329470116084,0.5323074051189742,0.40439062970791356,0.48431398003298,0.889686129452763,attack_or_collapse,S0_C1_ESCAPE_IN_WIN,C1__ESCAPE__IN_WIN__CENTER_OUTER,1,ESCAPE,IN_WIN,CENTER_OUTER,False,False
2026-07-07_18_06,0.22975338047591454,0.5437487389977053,0.3833989528065406,0.47992495464435236,0.9369000767843019,attack_or_collapse,S0_C1_ESCAPE_IN_WIN,C1__ESCAPE__IN_WIN__INNER_CENTER,1,ESCAPE,IN_WIN,INNER_CENTER,False,False
2026-07-07_18_07,0.21514133818921058,0.5560122175944484,0.3953363654791132,0.490406927628778,0.9420629967359542,attack_or_collapse,S3_C3_WIN_CENTER,C3__MAKURI_SASHI__IN_OUT__OUTER_CHAIN,3,MAKURI_SASHI,IN_OUT,OUTER_CHAIN,True,False
2026-07-07_18_08,0.22829595483563453,0.5347517167102676,0.3610349955913769,0.4701363430054928,0.9456717836246954,upset_or_flat,S0_C1_ESCAPE_IN_WIN,C1__ESCAPE__IN_WIN__CENTER_OUTER,1,ESCAPE,IN_WIN,CENTER_OUTER,False,False
2026-07-07_18_09,0.2696718996331895,0.5214627045162166,0.3638065118215532,0.4446829472553747,0.9111531134559255,neutral,S3_C3_WIN_CENTER,C3__MAKURI_SASHI__IN_REMAIN__CENTER_OUTER,3,MAKURI_SASHI,IN_REMAIN,CENTER_OUTER,False,False
2026-07-07_18_10,0.2767558912528844,0.5309711518457461,0.4042689781599788,0.4862393667132142,0.9429424782603169,attack_or_collapse,S2_C2_WIN_IN_OUT,C2__MAKURI__IN_REMAIN__MIXED,2,MAKURI,IN_REMAIN,MIXED,False,False
2026-07-07_18_11,0.2461122542772343,0.54059075319437,0.38224144101440183,0.4801715829299963,0.9164878450369243,attack_or_collapse,S0_C1_ESCAPE_IN_WIN,C1__ESCAPE__IN_WIN__INNER_CENTER,1,ESCAPE,IN_WIN,INNER_CENTER,False,False
2026-07-07_18_12,0.31527572771457374,0.4906445101321673,0.323419608975847,0.43878777818590414,0.8945451269791675,stable_escape,S0_C1_ESCAPE_IN_WIN,C1__ESCAPE__IN_WIN__CENTER_OUTER,1,ESCAPE,IN_WIN,CENTER_OUTER,False,False
2026-07-07_20_01,0.25963894595014875,0.5119551476706221,0.34268987601592227,0.45333011343512664,0.9276757355672899,neutral,S2_C2_WIN_IN_OUT,C2__MAKURI__IN_OUT__CENTER_OUTER,2,MAKURI,IN_OUT,CENTER_OUTER,False,False
2026-07-07_20_02,0.21692468164108744,0.5692741443014679,0.425990188868309,0.49461761274127064,0.9426750058320372,attack_or_collapse,S3_C3_WIN_CENTER,C3__MAKURI_SASHI__IN_REMAIN__INNER_TOP3,3,MAKURI_SASHI,IN_REMAIN,INNER_TOP3,False,True
2026-07-07_20_03,0.2607161125141862,0.5131574125793628,0.33281432750615203,0.45123556030808404,0.9432045014387276,upset_or_flat,S0_C1_ESCAPE_IN_WIN,C1__ESCAPE__IN_WIN__INNER_TOP3,1,ESCAPE,IN_WIN,INNER_TOP3,False,True
2026-07-07_20_04,0.26920220363875763,0.5316934656034252,0.38753859201311236,0.4611547473656531,0.9428206934952523,attack_or_collapse,S3_C3_WIN_CENTER,C3__MAKURI__IN_OUT__CENTER_OUTER,3,MAKURI,IN_OUT,CENTER_OUTER,False,False
2026-07-07_20_05,0.28799188828088146,0.5269510564835334,0.3803711620985354,0.45744677118110594,0.9133280402801145,attack_or_collapse,S1_C2_SASHI_IN_REMAIN,C2__SASHI__IN_REMAIN__INNER_TOP3,2,SASHI,IN_REMAIN,INNER_TOP3,False,True
2026-07-07_20_06,0.18261566717532943,0.5707633290143814,0.3848081422370391,0.4877488478604937,0.947246424575691,attack_or_collapse,S4_C4_WIN_KADO,C4__NUKI__IN_REMAIN__INNER_CENTER,4,NUKI,IN_REMAIN,INNER_CENTER,False,False
2026-07-07_20_07,0.3033365641190199,0.5090161347039548,0.3815401090757824,0.45334647744449996,0.926948007429126,attack_or_collapse,S3_C3_WIN_CENTER,C3__MAKURI__IN_REMAIN__CENTER_OUTER,3,MAKURI,IN_REMAIN,CENTER_OUTER,False,False
2026-07-07_20_08,0.3166136470915403,0.5057407151915512,0.37394259733192725,0.44920296176482516,0.8987807711817306,stable_escape,S1_C2_SASHI_IN_REMAIN,C2__SASHI__IN_REMAIN__MIXED,2,SASHI,IN_REMAIN,MIXED,False,False
2026-07-07_20_09,0.2303793849150088,0.535710667845907,0.36752549273968527,0.46058799536263173,0.9105846436774935,attack_or_collapse,S0_C1_ESCAPE_IN_WIN,C1__ESCAPE__IN_WIN__INNER_TOP3,1,ESCAPE,IN_WIN,INNER_TOP3,False,True
2026-07-07_20_10,0.27292183509322054,0.5331316296965045,0.40384703920125636,0.4698841948640573,0.931417785114393,attack_or_collapse,S0_C1_ESCAPE_IN_WIN,C1__ESCAPE__IN_WIN__CENTER_OUTER,1,ESCAPE,IN_WIN,CENTER_OUTER,False,False
2026-07-07_20_11,0.27463140735714586,0.5252891503155226,0.3877316105092761,0.4546380624203308,0.8930383991386153,attack_or_collapse,S0_C1_ESCAPE_IN_WIN,C1__ESCAPE__IN_WIN__MIXED,1,ESCAPE,IN_WIN,MIXED,False,False
2026-07-07_20_12,0.28931661174806084,0.523889496938577,0.40195171288503645,0.4641667948079004,0.9061257550022213,attack_or_collapse,S0_C1_ESCAPE_IN_WIN,C1__ESCAPE__IN_WIN__INNER_TOP3,1,ESCAPE,IN_WIN,INNER_TOP3,False,True
2026-07-07_24_01,0.31689392751287104,0.47873432539217475,0.32166933833362543,0.4364769763305021,0.9452837403925496,upset_or_flat,S3_C3_WIN_CENTER,C3__MAKURI__IN_REMAIN__CENTER_OUTER,3,MAKURI,IN_REMAIN,CENTER_OUTER,False,False
2026-07-07_24_02,0.2807324806855739,0.5325377286500315,0.3987900412551306,0.46887046134410193,0.9108706723633612,attack_or_collapse,S0_C1_ESCAPE_IN_WIN,C1__ESCAPE__IN_WIN__CENTER_OUTER,1,ESCAPE,IN_WIN,CENTER_OUTER,False,False
2026-07-07_24_03,0.18252043981136865,0.5543173897600182,0.3572556578770938,0.47110459731818927,0.9497368228165264,attack_or_collapse,S2_C2_WIN_IN_OUT,C2__SASHI__IN_OUT__OUTER_CHAIN,2,SASHI,IN_OUT,OUTER_CHAIN,True,False
2026-07-07_24_04,0.25505896143002754,0.5334164175265999,0.38718487728279827,0.4689028145475637,0.9333281464391406,attack_or_collapse,S4_C4_WIN_KADO,C4__MAKURI_SASHI__IN_REMAIN__OUTER_CHAIN,4,MAKURI_SASHI,IN_REMAIN,OUTER_CHAIN,True,False
2026-07-07_24_05,0.2287044665854034,0.5354441858767972,0.33896309207503106,0.4643489288034657,0.9340803643287523,attack_or_collapse,S0_C1_ESCAPE_IN_WIN,C1__ESCAPE__IN_WIN__CENTER_OUTER,1,ESCAPE,IN_WIN,CENTER_OUTER,False,False
2026-07-07_24_06,0.26427559484527097,0.5414799683831348,0.3839951706515712,0.48670346532806086,0.9510723723010669,attack_or_collapse,S1_C2_SASHI_IN_REMAIN,C2__SASHI__IN_REMAIN__INNER_TOP3,2,SASHI,IN_REMAIN,INNER_TOP3,False,True
2026-07-07_24_07,0.30346596027774536,0.5066344695557773,0.3716915658159907,0.4452822207984498,0.9103238679388919,stable_escape,S4_C4_WIN_KADO,C4__MAKURI__IN_REMAIN__OUTER_CHAIN,4,MAKURI,IN_REMAIN,OUTER_CHAIN,True,False
2026-07-07_24_08,0.2576386721152101,0.5288962119361933,0.35446911695339556,0.46928518294838384,0.9366183038295819,neutral,S1_C2_SASHI_IN_REMAIN,C2__SASHI__IN_REMAIN__MIXED,2,SASHI,IN_REMAIN,MIXED,False,False
2026-07-07_24_09,0.29664625600794525,0.4995999042260217,0.3542034283055402,0.4554001695555862,0.9153620045309125,stable_escape,S0_C1_ESCAPE_IN_WIN,C1__ESCAPE__IN_WIN__INNER_TOP3,1,ESCAPE,IN_WIN,INNER_TOP3,False,True
2026-07-07_24_10,0.2616782850837831,0.5067491555121493,0.3207019354273536,0.446443912725573,0.9124373635655321,neutral,S0_C1_ESCAPE_IN_WIN,C1__ESCAPE__IN_WIN__CENTER_OUTER,1,ESCAPE,IN_WIN,CENTER_OUTER,False,False
2026-07-07_24_11,0.2863561924750341,0.5123471464156766,0.3691517677206832,0.46305698690745245,0.8873171997318527,neutral,S0_C1_ESCAPE_IN_WIN,C1__ESCAPE__IN_WIN__INNER_CENTER,1,ESCAPE,IN_WIN,INNER_CENTER,False,False
2026-07-07_24_12,0.18006508702357724,0.5634527506964098,0.3621951524214302,0.4829772647323863,0.944471349319395,attack_or_collapse,S0_C1_ESCAPE_IN_WIN,C1__ESCAPE__IN_WIN__INNER_TOP3,1,ESCAPE,IN_WIN,INNER_TOP3,False,True
2026-07-08_01_01,0.2533560585342425,0.5355588738010006,0.3620721219012404,0.47429428814829233,0.9473566876522379,attack_or_collapse,S0_C1_ESCAPE_IN_WIN,C1__ESCAPE__IN_WIN__CENTER_OUTER,1,ESCAPE,IN_WIN,CENTER_OUTER,False,False
2026-07-08_01_02,0.22467500726433762,0.5272596071329505,0.3258089186950133,0.4540517690560937,0.9309629842204333,neutral,S5_OUTER_WIN_OR_CHAIN,C6__MAKURI_SASHI__IN_OUT__CENTER_OUTER,6,MAKURI_SASHI,IN_OUT,CENTER_OUTER,False,False
2026-07-08_01_03,0.3249532310317561,0.4781577832787966,0.3281131912557802,0.4371304611099262,0.9138171167742,stable_escape,S4_C4_WIN_KADO,C4__MAKURI__IN_OUT__OUTER_CHAIN,4,MAKURI,IN_OUT,OUTER_CHAIN,True,False
2026-07-08_01_04,0.3090299945722101,0.47459819607633597,0.2962803888055362,0.39546432751466276,0.8960193974090632,stable_escape,S4_C4_WIN_KADO,C4__MAKURI__IN_OUT__OUTER_CHAIN,4,MAKURI,IN_OUT,OUTER_CHAIN,True,False
2026-07-08_01_05,0.21070928762516808,0.5538790801875929,0.3744054503957547,0.4852823105742874,0.933454663013212,attack_or_collapse,S5_OUTER_WIN_OR_CHAIN,C5__MAKURI_SASHI__IN_OUT__OUTER_CHAIN,5,MAKURI_SASHI,IN_OUT,OUTER_CHAIN,True,False
2026-07-08_01_06,0.2896850142914853,0.5122011768440723,0.36311535279276874,0.45412039352318395,0.8881842923895772,neutral,S0_C1_ESCAPE_IN_WIN,C1__ESCAPE__IN_WIN__INNER_CENTER,1,ESCAPE,IN_WIN,INNER_CENTER,False,False
2026-07-08_01_07,0.3303822723920418,0.4717310407178287,0.32913106817148363,0.438457548613419,0.891218704864928,stable_escape,S3_C3_WIN_CENTER,C3__MAKURI_SASHI__IN_REMAIN__CENTER_OUTER,3,MAKURI_SASHI,IN_REMAIN,CENTER_OUTER,False,False
2026-07-08_01_08,0.2468507256766557,0.513035791633894,0.3257018919990046,0.44667079713427416,0.9225219140041555,neutral,S0_C1_ESCAPE_IN_WIN,C1__ESCAPE__IN_WIN__OUTER_CHAIN,1,ESCAPE,IN_WIN,OUTER_CHAIN,True,False
2026-07-08_01_09,0.2849940497370236,0.5253262654716042,0.3983733264180873,0.4626451026011905,0.9130932609727784,attack_or_collapse,S0_C1_ESCAPE_IN_WIN,C1__ESCAPE__IN_WIN__MIXED,1,ESCAPE,IN_WIN,MIXED,False,False
2026-07-08_01_10,0.2872547904844999,0.5144137748636883,0.36313167979379646,0.46169276355394695,0.8978679632423868,neutral,S3_C3_WIN_CENTER,C3__MAKURI_SASHI__IN_REMAIN__CENTER_OUTER,3,MAKURI_SASHI,IN_REMAIN,CENTER_OUTER,False,False
2026-07-08_01_11,0.292147692368864,0.5136133488493603,0.3643841443180721,0.4553952147676884,0.8964775058265438,stable_escape,S0_C1_ESCAPE_IN_WIN,C1__ESCAPE__IN_WIN__OUTER_CHAIN,1,ESCAPE,IN_WIN,OUTER_CHAIN,True,False
2026-07-08_01_12,0.2726578378826631,0.5316259694945912,0.3999837846290782,0.4747439639697441,0.9336403637046926,attack_or_collapse,S0_C1_ESCAPE_IN_WIN,C1__ESCAPE__IN_OUT__CENTER_OUTER,1,ESCAPE,IN_OUT,CENTER_OUTER,False,False
2026-07-08_02_01,0.27255965637344165,0.5137507302317021,0.3418235975135919,0.4545995163198022,0.9228102030617704,neutral,S0_C1_ESCAPE_IN_WIN,C1__ESCAPE__IN_WIN__INNER_TOP3,1,ESCAPE,IN_WIN,INNER_TOP3,False,True
2026-07-08_02_02,0.22466966683453166,0.5537745424935201,0.3885827565507226,0.4646509967777551,0.9259844184384571,attack_or_collapse,S0_C1_ESCAPE_IN_WIN,C1__ESCAPE__IN_WIN__CENTER_OUTER,1,ESCAPE,IN_WIN,CENTER_OUTER,False,False
2026-07-08_02_03,0.2070162572774985,0.55273324634648,0.36188255056534124,0.4857924452181348,0.9525128970431644,attack_or_collapse,S5_OUTER_WIN_OR_CHAIN,C5__MAKURI_SASHI__IN_REMAIN__CENTER_OUTER,5,MAKURI_SASHI,IN_REMAIN,CENTER_OUTER,False,False
2026-07-08_02_04,0.29409818765501555,0.5144188701632677,0.37254398512317255,0.45630667015879,0.9103981535092275,stable_escape,S0_C1_ESCAPE_IN_WIN,C1__ESCAPE__IN_WIN__OUTER_CHAIN,1,ESCAPE,IN_WIN,OUTER_CHAIN,True,False
2026-07-08_02_05,0.32544332241748825,0.483919503312093,0.3338753289298854,0.4395333814952335,0.8975136911182653,stable_escape,S0_C1_ESCAPE_IN_WIN,C1__ESCAPE__IN_WIN__CENTER_OUTER,1,ESCAPE,IN_WIN,CENTER_OUTER,False,False
2026-07-08_02_06,0.288544053428742,0.5149703297360793,0.36651286455814447,0.4542076870731499,0.914466884156251,neutral,S5_OUTER_WIN_OR_CHAIN,C5__MAKURI__IN_OUT__OUTER_CHAIN,5,MAKURI,IN_OUT,OUTER_CHAIN,True,False
2026-07-08_02_07,0.2720225905575878,0.5167596205667662,0.3367803121068678,0.44956618065590953,0.9252024148040425,neutral,S3_C3_WIN_CENTER,C3__MAKURI__IN_OUT__OUTER_CHAIN,3,MAKURI,IN_OUT,OUTER_CHAIN,True,False
2026-07-08_02_08,0.2327461491182523,0.5278711742314395,0.3268508961012198,0.46340058655317407,0.9286002848617763,neutral,S3_C3_WIN_CENTER,C3__MAKURI__IN_OUT__OUTER_CHAIN,3,MAKURI,IN_OUT,OUTER_CHAIN,True,False
2026-07-08_02_09,0.2502527162251836,0.5464790318832617,0.4096048497542023,0.47541708761737234,0.9185767346327841,attack_or_collapse,S0_C1_ESCAPE_IN_WIN,C1__ESCAPE__IN_WIN__OUTER_CHAIN,1,ESCAPE,IN_WIN,OUTER_CHAIN,True,False
2026-07-08_02_10,0.248799569188513,0.5301932713539166,0.36176627836930053,0.469982436027648,0.9030262492196275,neutral,S3_C3_WIN_CENTER,C3__MAKURI__IN_OUT__CENTER_OUTER,3,MAKURI,IN_OUT,CENTER_OUTER,False,False
2026-07-08_02_11,0.3070637534619781,0.5115556006917243,0.3790407778433818,0.4758175035471394,0.9123428870964929,attack_or_collapse,S0_C1_ESCAPE_IN_WIN,C1__ESCAPE__IN_WIN__CENTER_OUTER,1,ESCAPE,IN_WIN,CENTER_OUTER,False,False
2026-07-08_02_12,0.3074085023496006,0.4976484356455185,0.33790122481574014,0.44501025711718906,0.9110056593524702,stable_escape,S0_C1_ESCAPE_IN_WIN,C1__ESCAPE__IN_WIN__INNER_CENTER,1,ESCAPE,IN_WIN,INNER_CENTER,False,False
2026-07-08_05_01,0.2765445466662088,0.5148666956029553,0.3685436104690405,0.4665497360550985,0.9455810741378632,upset_or_flat,S0_C1_ESCAPE_IN_WIN,C1__ESCAPE__IN_WIN__INNER_TOP3,1,ESCAPE,IN_WIN,INNER_TOP3,False,True
2026-07-08_05_02,0.23968420187305967,0.520135541295913,0.3710739769544391,0.456767736565523,0.9538165931555287,upset_or_flat,S1_C2_SASHI_IN_REMAIN,C2__SASHI__IN_REMAIN__INNER_TOP3,2,SASHI,IN_REMAIN,INNER_TOP3,False,True
2026-07-08_05_03,0.2399152940638631,0.5270044819309327,0.34338162194418353,0.4702737848268596,0.9332620937081122,neutral,S0_C1_ESCAPE_IN_WIN,C1__ESCAPE__IN_WIN__MIXED,1,ESCAPE,IN_WIN,MIXED,False,False
2026-07-08_05_04,0.2907770355928065,0.5269683987552412,0.4054370131499887,0.46978604820497005,0.897242328924382,attack_or_collapse,S0_C1_ESCAPE_IN_WIN,C1__ESCAPE__IN_WIN__INNER_TOP3,1,ESCAPE,IN_WIN,INNER_TOP3,False,True
2026-07-08_05_05,0.2662841553430589,0.5140377123998424,0.33473025571043585,0.45519253450673897,0.9285458518206717,neutral,S4_C4_WIN_KADO,C4__MAKURI__IN_OUT__OUTER_CHAIN,4,MAKURI,IN_OUT,OUTER_CHAIN,True,False
2026-07-08_05_06,0.3026507927144349,0.4799386635082059,0.31395369776230964,0.4340755181520583,0.8952256852399005,stable_escape,S4_C4_WIN_KADO,C4__MAKURI__IN_REMAIN__OUTER_CHAIN,4,MAKURI,IN_REMAIN,OUTER_CHAIN,True,False
2026-07-08_05_07,0.2581308637713847,0.5156175915357781,0.346991985300915,0.4580671067009806,0.9442075442854777,upset_or_flat,S0_C1_ESCAPE_IN_WIN,C1__ESCAPE__IN_WIN__OUTER_CHAIN,1,ESCAPE,IN_WIN,OUTER_CHAIN,True,False
2026-07-08_05_08,0.23803024451899163,0.5424453232837251,0.387251386924592,0.47523937727625226,0.9462317696253224,attack_or_collapse,S2_C2_WIN_IN_OUT,C2__MAKURI__IN_REMAIN__INNER_CENTER,2,MAKURI,IN_REMAIN,INNER_CENTER,False,False
2026-07-08_05_09,0.27725497244764186,0.5116975636360142,0.35171568254169017,0.4648430792786058,0.9408049293291986,upset_or_flat,S3_C3_WIN_CENTER,C3__MAKURI_SASHI__IN_REMAIN__CENTER_OUTER,3,MAKURI_SASHI,IN_REMAIN,CENTER_OUTER,False,False
2026-07-08_05_10,0.2427068395878955,0.5379979511749431,0.37434000045631677,0.4721216734219356,0.9072448031724879,attack_or_collapse,S0_C1_ESCAPE_IN_WIN,C1__ESCAPE__IN_WIN__CENTER_OUTER,1,ESCAPE,IN_WIN,CENTER_OUTER,False,False
2026-07-08_05_11,0.24903864594295966,0.5327599988980798,0.3511738994753144,0.4676750177955994,0.9147078546897927,neutral,S5_OUTER_WIN_OR_CHAIN,C6__SASHI__IN_REMAIN__CENTER_OUTER,6,SASHI,IN_REMAIN,CENTER_OUTER,False,False
2026-07-08_05_12,0.33318103579381486,0.4775406762238081,0.33271359818578317,0.4302075654200795,0.888117079114113,stable_escape,S0_C1_ESCAPE_IN_WIN,C1__ESCAPE__IN_WIN__CENTER_OUTER,1,ESCAPE,IN_WIN,CENTER_OUTER,False,False
2026-07-08_08_01,0.26295174834917306,0.5247639876280807,0.3616086469016905,0.454733504575802,0.8904895579301997,neutral,S0_C1_ESCAPE_IN_WIN,C1__ESCAPE__IN_WIN__CENTER_OUTER,1,ESCAPE,IN_WIN,CENTER_OUTER,False,False
2026-07-08_08_02,0.22832706972771913,0.5532313606076504,0.3915489269969078,0.4788430395558714,0.9508435032790747,attack_or_collapse,S4_C4_WIN_KADO,C4__MAKURI__IN_OUT__OUTER_CHAIN,4,MAKURI,IN_OUT,OUTER_CHAIN,True,False
2026-07-08_08_03,0.25662893389743013,0.5284175317428692,0.3548583298286714,0.4688733264830911,0.9355609445404178,neutral,S0_C1_ESCAPE_IN_WIN,C1__ESCAPE__IN_WIN__INNER_TOP3,1,ESCAPE,IN_WIN,INNER_TOP3,False,True
2026-07-08_08_04,0.30027424785464996,0.5163062234694684,0.38350556713860073,0.48051981901926466,0.9257217542689475,attack_or_collapse,S0_C1_ESCAPE_IN_WIN,C1__ESCAPE__IN_WIN__INNER_TOP3,1,ESCAPE,IN_WIN,INNER_TOP3,False,True
2026-07-08_08_05,0.26396118385995293,0.5437481883884149,0.407385313588833,0.47667993665545383,0.9501219066215747,attack_or_collapse,S0_C1_ESCAPE_IN_WIN,C1__ESCAPE__IN_WIN__CENTER_OUTER,1,ESCAPE,IN_WIN,CENTER_OUTER,False,False
2026-07-08_08_06,0.3441334630779074,0.4898206232127052,0.37464998395265076,0.44164204100191506,0.8996729545799353,stable_escape,S0_C1_ESCAPE_IN_WIN,C1__ESCAPE__IN_WIN__INNER_TOP3,1,ESCAPE,IN_WIN,INNER_TOP3,False,True
2026-07-08_08_07,0.2584389257548168,0.5454647233197891,0.4052926996034316,0.4757730295773129,0.9410604936376183,attack_or_collapse,S0_C1_ESCAPE_IN_WIN,C1__ESCAPE__IN_WIN__INNER_TOP3,1,ESCAPE,IN_WIN,INNER_TOP3,False,True
2026-07-08_08_08,0.2708067863400365,0.5151709829780571,0.3497494672918345,0.45242838193114276,0.9508030906169845,upset_or_flat,S0_C1_ESCAPE_IN_WIN,C1__ESCAPE__IN_WIN__MIXED,1,ESCAPE,IN_WIN,MIXED,False,False
2026-07-08_08_09,0.287045316332338,0.5265450178629458,0.397766025298238,0.47788811940667736,0.9197810479976671,attack_or_collapse,S0_C1_ESCAPE_IN_WIN,C1__ESCAPE__IN_WIN__INNER_CENTER,1,ESCAPE,IN_WIN,INNER_CENTER,False,False
2026-07-08_08_10,0.21185235878205066,0.5503373486048708,0.3536736506047703,0.4768100498061566,0.9423574994147834,attack_or_collapse,S0_C1_ESCAPE_IN_WIN,C1__ESCAPE__IN_WIN__INNER_TOP3,1,ESCAPE,IN_WIN,INNER_TOP3,False,True
2026-07-08_08_11,0.259176034353625,0.5390347323019082,0.3910466375395799,0.471231754414703,0.8994851660080403,attack_or_collapse,S0_C1_ESCAPE_IN_WIN,C1__ESCAPE__IN_WIN__CENTER_OUTER,1,ESCAPE,IN_WIN,CENTER_OUTER,False,False
2026-07-08_08_12,0.2509657854960485,0.5370275648147151,0.39135644272181414,0.4647254461698497,0.9120735613866847,attack_or_collapse,S0_C1_ESCAPE_IN_WIN,C1__ESCAPE__IN_WIN__CENTER_OUTER,1,ESCAPE,IN_WIN,CENTER_OUTER,False,False
2026-07-08_10_01,0.3382551121819841,0.4983173431696992,0.39373332505319575,0.4595183590314657,0.8983743712544496,attack_or_collapse,S0_C1_ESCAPE_IN_WIN,C1__ESCAPE__IN_WIN__INNER_CENTER,1,ESCAPE,IN_WIN,INNER_CENTER,False,False
2026-07-08_10_02,0.3291512366863621,0.4766305817257869,0.33369266616253634,0.44378408350316195,0.8930578261462048,stable_escape,S0_C1_ESCAPE_IN_WIN,C1__ESCAPE__IN_WIN__CENTER_OUTER,1,ESCAPE,IN_WIN,CENTER_OUTER,False,False
2026-07-08_10_03,0.21351443827540187,0.5357938843790702,0.3380420677464705,0.4568406004799276,0.947898725774597,attack_or_collapse,S2_C2_WIN_IN_OUT,C2__SASHI__IN_OUT__OUTER_CHAIN,2,SASHI,IN_OUT,OUTER_CHAIN,True,False
2026-07-08_10_04,0.20138882850773207,0.5648740562964856,0.3902302999645494,0.47413070434041193,0.9475844346664906,attack_or_collapse,S1_C2_SASHI_IN_REMAIN,C2__SASHI__IN_REMAIN__MIXED,2,SASHI,IN_REMAIN,MIXED,False,False
2026-07-08_10_05,0.2058665488715658,0.5670574405525328,0.3841500189398079,0.4843191428636394,0.9426475780188541,attack_or_collapse,S3_C3_WIN_CENTER,C3__MAKURI__IN_REMAIN__CENTER_OUTER,3,MAKURI,IN_REMAIN,CENTER_OUTER,False,False
2026-07-08_10_06,0.23057423331369184,0.5181270034962303,0.3163085832563701,0.44775927461462695,0.948609887149328,upset_or_flat,S3_C3_WIN_CENTER,C3__MAKURI_SASHI__IN_REMAIN__CENTER_OUTER,3,MAKURI_SASHI,IN_REMAIN,CENTER_OUTER,False,False
2026-07-08_10_07,0.16669854395860828,0.5823686309864096,0.4027510177553246,0.5058544391147447,0.9515397279221613,attack_or_collapse,S0_C1_ESCAPE_IN_WIN,C1__ESCAPE__IN_WIN__CENTER_OUTER,1,ESCAPE,IN_WIN,CENTER_OUTER,False,False
2026-07-08_10_08,0.2468735198632909,0.5372376332772533,0.35938247999938405,0.4586998298870383,0.9390949600626426,attack_or_collapse,S1_C2_SASHI_IN_REMAIN,C2__SASHI__IN_REMAIN__MIXED,2,SASHI,IN_REMAIN,MIXED,False,False
2026-07-08_10_09,0.22265912957894252,0.532949550318592,0.35138014452693156,0.47711322628674185,0.9469857832283672,upset_or_flat,S5_OUTER_WIN_OR_CHAIN,C5__MAKURI_SASHI__IN_REMAIN__CENTER_OUTER,5,MAKURI_SASHI,IN_REMAIN,CENTER_OUTER,False,False
2026-07-08_10_10,0.20109059778921726,0.5574875042371277,0.3731358763840592,0.46635445728114777,0.9332929612421542,attack_or_collapse,S2_C2_WIN_IN_OUT,C2__SASHI__IN_OUT__OUTER_CHAIN,2,SASHI,IN_OUT,OUTER_CHAIN,True,False
2026-07-08_10_11,0.21918560067978074,0.5514947436850953,0.3855473132297932,0.4856803615284619,0.9548556743852443,attack_or_collapse,S2_C2_WIN_IN_OUT,C2__SASHI__IN_OUT__OUTER_CHAIN,2,SASHI,IN_OUT,OUTER_CHAIN,True,False
2026-07-08_10_12,0.3157639377185792,0.5042865194510783,0.3762647286941373,0.463679132449224,0.9027758248058874,stable_escape,S0_C1_ESCAPE_IN_WIN,C1__ESCAPE__IN_WIN__CENTER_OUTER,1,ESCAPE,IN_WIN,CENTER_OUTER,False,False
2026-07-08_11_01,0.24078113446563296,0.5306080274128127,0.35634571685222194,0.47137880662245224,0.9486659729137503,upset_or_flat,S0_C1_ESCAPE_IN_WIN,C1__ESCAPE__IN_WIN__MIXED,1,ESCAPE,IN_WIN,MIXED,False,False
2026-07-08_11_02,0.20073641304775255,0.565536193391883,0.3743374367745622,0.4870449847846643,0.9468574411364856,attack_or_collapse,S4_C4_WIN_KADO,C4__MAKURI__IN_OUT__OUTER_CHAIN,4,MAKURI,IN_OUT,OUTER_CHAIN,True,False
2026-07-08_11_03,0.26816004252422904,0.5102043891389203,0.34870189735990487,0.45369628549041546,0.9515922124501257,upset_or_flat,S0_C1_ESCAPE_IN_WIN,C1__ESCAPE__IN_WIN__OUTER_CHAIN,1,ESCAPE,IN_WIN,OUTER_CHAIN,True,False
2026-07-08_11_04,0.22780705432551593,0.537031876121955,0.35611470148685853,0.4651365006784668,0.935197980045473,attack_or_collapse,S2_C2_WIN_IN_OUT,C2__MAKURI__IN_OUT__CENTER_OUTER,2,MAKURI,IN_OUT,CENTER_OUTER,False,False
2026-07-08_11_05,0.26730376694056823,0.5224358183423885,0.37581073828484457,0.46240178185242686,0.9108243603474053,neutral,S0_C1_ESCAPE_IN_WIN,C1__ESCAPE__IN_WIN__INNER_CENTER,1,ESCAPE,IN_WIN,INNER_CENTER,False,False
2026-07-08_11_06,0.1694232021384781,0.5774274453684494,0.36798771568305333,0.4960073127268998,0.9514822610878748,attack_or_collapse,S2_C2_WIN_IN_OUT,C2__MAKURI__IN_REMAIN__INNER_TOP3,2,MAKURI,IN_REMAIN,INNER_TOP3,False,True
2026-07-08_11_07,0.21180682678202967,0.561573366872451,0.40558880890827154,0.48556839517895156,0.947837062647011,attack_or_collapse,S4_C4_WIN_KADO,C4__MAKURI__IN_OUT__CENTER_OUTER,4,MAKURI,IN_OUT,CENTER_OUTER,False,False
2026-07-08_11_08,0.24394164849655722,0.5140036603134024,0.33281129560234707,0.4565429258232197,0.9408340252524998,upset_or_flat,S0_C1_ESCAPE_IN_WIN,C1__ESCAPE__IN_WIN__MIXED,1,ESCAPE,IN_WIN,MIXED,False,False
2026-07-08_11_09,0.29372002923233864,0.518975757819258,0.38334707501822607,0.4696069646486417,0.9208473751019455,attack_or_collapse,S2_C2_WIN_IN_OUT,C2__MAKURI__IN_REMAIN__INNER_TOP3,2,MAKURI,IN_REMAIN,INNER_TOP3,False,True
2026-07-08_11_10,0.3045590764689383,0.4842571879523342,0.3261083821725542,0.4375124602066617,0.9023893902055282,stable_escape,S3_C3_WIN_CENTER,C3__SASHI__IN_OUT__OUTER_CHAIN,3,SASHI,IN_OUT,OUTER_CHAIN,True,False
2026-07-08_11_11,0.27991442147130424,0.49827654273742455,0.34104463080782454,0.4452983823032135,0.9014022274372989,neutral,S0_C1_ESCAPE_IN_WIN,C1__ESCAPE__IN_WIN__MIXED,1,ESCAPE,IN_WIN,MIXED,False,False
2026-07-08_11_12,0.29081520896923496,0.5077843987891131,0.3397647870549346,0.45916344037652024,0.923903054226022,neutral,S5_OUTER_WIN_OR_CHAIN,C5__MAKURI_SASHI__IN_REMAIN__OUTER_CHAIN,5,MAKURI_SASHI,IN_REMAIN,OUTER_CHAIN,True,False
2026-07-08_12_01,0.2626998564828259,0.5250771558700487,0.36256999864094386,0.45502981221885536,0.9065664767411818,neutral,S0_C1_ESCAPE_IN_WIN,C1__ESCAPE__IN_WIN__OUTER_CHAIN,1,ESCAPE,IN_WIN,OUTER_CHAIN,True,False
2026-07-08_12_02,0.30202691920596353,0.5040802710715735,0.34510244164523146,0.4634342358366651,0.935568220290276,stable_escape,S0_C1_ESCAPE_IN_WIN,C1__ESCAPE__IN_WIN__MIXED,1,ESCAPE,IN_WIN,MIXED,False,False
2026-07-08_12_03,0.2815911149734251,0.49544662543575824,0.32835004860124145,0.4470517760890284,0.9329839026393834,neutral,S0_C1_ESCAPE_IN_WIN,C1__ESCAPE__IN_WIN__CENTER_OUTER,1,ESCAPE,IN_WIN,CENTER_OUTER,False,False
2026-07-08_12_04,0.2690188233970549,0.5279258114437315,0.35898674063484276,0.4635320640135612,0.9531419410470601,upset_or_flat,S0_C1_ESCAPE_IN_WIN,C1__ESCAPE__IN_WIN__CENTER_OUTER,1,ESCAPE,IN_WIN,CENTER_OUTER,False,False
2026-07-08_12_05,0.32658645555109383,0.49553391316201495,0.36191325184492384,0.4614935690302881,0.9083458265939346,stable_escape,S0_C1_ESCAPE_IN_WIN,C1__ESCAPE__IN_WIN__MIXED,1,ESCAPE,IN_WIN,MIXED,False,False
2026-07-08_12_06,0.3230757520657848,0.508751453834051,0.3889256964232475,0.4682169543393627,0.9156536784571586,attack_or_collapse,S0_C1_ESCAPE_IN_WIN,C1__ESCAPE__IN_WIN__MIXED,1,ESCAPE,IN_WIN,MIXED,False,False
2026-07-08_12_07,0.27057976571083475,0.5259170482883639,0.3741812036871166,0.4691231226913672,0.9166219450380668,neutral,S0_C1_ESCAPE_IN_WIN,C1__ESCAPE__IN_WIN__CENTER_OUTER,1,ESCAPE,IN_WIN,CENTER_OUTER,False,False
2026-07-08_12_08,0.2928164855417895,0.5097068603180552,0.3609002492856007,0.45240995865551875,0.915530917339054,stable_escape,S3_C3_WIN_CENTER,C3__MAKURI_SASHI__IN_REMAIN__INNER_TOP3,3,MAKURI_SASHI,IN_REMAIN,INNER_TOP3,False,True
2026-07-08_12_09,0.3069348520713565,0.47898259922963,0.32305398706671185,0.4296450042831338,0.9011798964568715,stable_escape,S0_C1_ESCAPE_IN_WIN,C1__ESCAPE__IN_WIN__INNER_TOP3,1,ESCAPE,IN_WIN,INNER_TOP3,False,True
2026-07-08_12_10,0.2705412475056876,0.5089688744991785,0.32816790001247254,0.4548125777474505,0.9445030787466392,upset_or_flat,S5_OUTER_WIN_OR_CHAIN,C5__MAKURI_SASHI__IN_OUT__OUTER_CHAIN,5,MAKURI_SASHI,IN_OUT,OUTER_CHAIN,True,False
2026-07-08_12_11,0.3219147771115128,0.48899148459232145,0.3370922365255801,0.4291863418130168,0.8859898917463433,stable_escape,S0_C1_ESCAPE_IN_WIN,C1__ESCAPE__IN_WIN__CENTER_OUTER,1,ESCAPE,IN_WIN,CENTER_OUTER,False,False
2026-07-08_12_12,0.33575446848405444,0.4881730708975587,0.35615641669012377,0.44790430605417564,0.9132127466570075,stable_escape,S3_C3_WIN_CENTER,C3__MAKURI_SASHI__IN_OUT__CENTER_OUTER,3,MAKURI_SASHI,IN_OUT,CENTER_OUTER,False,False
2026-07-08_13_01,0.2767516029123107,0.5158220005926395,0.35560263756607724,0.4610876532079735,0.9329034206365604,neutral,S0_C1_ESCAPE_IN_WIN,C1__ESCAPE__IN_WIN__OUTER_CHAIN,1,ESCAPE,IN_WIN,OUTER_CHAIN,True,False
2026-07-08_13_02,0.2675848464132703,0.5267605108766988,0.3838435002818049,0.4739661842172677,0.9290624558516809,attack_or_collapse,S0_C1_ESCAPE_IN_WIN,C1__ESCAPE__IN_WIN__CENTER_OUTER,1,ESCAPE,IN_WIN,CENTER_OUTER,False,False
2026-07-08_13_03,0.2718636398272713,0.5234853978797867,0.351651541522975,0.45495743561815355,0.9322568733773182,neutral,S4_C4_WIN_KADO,C4__NUKI__IN_REMAIN__OUTER_CHAIN,4,NUKI,IN_REMAIN,OUTER_CHAIN,True,False
2026-07-08_13_04,0.3013762650065995,0.5182897487708844,0.3881955063317657,0.4767374458403219,0.9323839900574464,attack_or_collapse,S0_C1_ESCAPE_IN_WIN,C1__ESCAPE__IN_WIN__INNER_CENTER,1,ESCAPE,IN_WIN,INNER_CENTER,False,False
2026-07-08_13_05,0.3329418314145027,0.48035351710178975,0.3136080980068997,0.426905230084088,0.9003528378701751,stable_escape,S0_C1_ESCAPE_IN_WIN,C1__ESCAPE__IN_WIN__INNER_TOP3,1,ESCAPE,IN_WIN,INNER_TOP3,False,True
2026-07-08_13_06,0.34553239682566095,0.47364189301468573,0.33975136762451585,0.4261866357385973,0.8928995793767904,stable_escape,S0_C1_ESCAPE_IN_WIN,C1__ESCAPE__IN_WIN__OUTER_CHAIN,1,ESCAPE,IN_WIN,OUTER_CHAIN,True,False
2026-07-08_13_07,0.30984669701042195,0.4844708790056605,0.3350756839638922,0.44652026127950767,0.8994574786041187,stable_escape,S5_OUTER_WIN_OR_CHAIN,C5__MAKURI_SASHI__IN_REMAIN__OUTER_CHAIN,5,MAKURI_SASHI,IN_REMAIN,OUTER_CHAIN,True,False
2026-07-08_13_08,0.256854831315957,0.5522487325397871,0.43125207690847267,0.4920242930053406,0.9483111554789787,attack_or_collapse,S4_C4_WIN_KADO,C4__MAKURI__IN_OUT__OUTER_CHAIN,4,MAKURI,IN_OUT,OUTER_CHAIN,True,False
2026-07-08_13_09,0.2566899565948314,0.512706743342201,0.3120932808782219,0.44080536197078063,0.917645171221958,neutral,S0_C1_ESCAPE_IN_WIN,C1__ESCAPE__IN_WIN__INNER_TOP3,1,ESCAPE,IN_WIN,INNER_TOP3,False,True
2026-07-08_13_10,0.27952416759866144,0.5347804234319877,0.4143481009290604,0.4762902410993318,0.9354461604780783,attack_or_collapse,S1_C2_SASHI_IN_REMAIN,C2__SASHI__IN_REMAIN__INNER_CENTER,2,SASHI,IN_REMAIN,INNER_CENTER,False,False
2026-07-08_13_11,0.25260021212348716,0.537225981022688,0.3889284923806579,0.4843212944507823,0.918944230682554,attack_or_collapse,S2_C2_WIN_IN_OUT,C2__MAKURI__IN_REMAIN__INNER_TOP3,2,MAKURI,IN_REMAIN,INNER_TOP3,False,True
2026-07-08_13_12,0.2635055254811108,0.5288700293015516,0.376376155792294,0.47133659737717515,0.9050925874064555,upset_or_flat,S4_C4_WIN_KADO,C4__MAKURI__IN_REMAIN__CENTER_OUTER,4,MAKURI,IN_REMAIN,CENTER_OUTER,False,False
2026-07-08_18_01,0.2899309312122349,0.5071119929879639,0.34979003303720224,0.44871651285465886,0.884077597921377,neutral,S0_C1_ESCAPE_IN_WIN,C1__ESCAPE__IN_WIN__CENTER_OUTER,1,ESCAPE,IN_WIN,CENTER_OUTER,False,False
2026-07-08_18_02,0.27108128859748787,0.5297402117157796,0.3952822557687017,0.46719614052354935,0.9210424367718221,attack_or_collapse,S1_C2_SASHI_IN_REMAIN,C2__SASHI__IN_REMAIN__INNER_TOP3,2,SASHI,IN_REMAIN,INNER_TOP3,False,True
2026-07-08_18_03,0.270870042806268,0.5066944324527776,0.3367835551402031,0.43581472974655766,0.8918114256078136,neutral,S1_C2_SASHI_IN_REMAIN,C2__SASHI__IN_REMAIN__INNER_TOP3,2,SASHI,IN_REMAIN,INNER_TOP3,False,True
2026-07-08_18_04,0.29480357361936815,0.49759510247017874,0.34108166591193356,0.4498605821813266,0.9214498268955114,stable_escape,S1_C2_SASHI_IN_REMAIN,C2__SASHI__IN_REMAIN__INNER_CENTER,2,SASHI,IN_REMAIN,INNER_CENTER,False,False
2026-07-08_18_05,0.2589482179208718,0.5266194320677442,0.3626990113198497,0.44796499502658715,0.9204713921076011,neutral,S5_OUTER_WIN_OR_CHAIN,C5__MAKURI__IN_OUT__OUTER_CHAIN,5,MAKURI,IN_OUT,OUTER_CHAIN,True,False
2026-07-08_18_06,0.24867624364624877,0.5327754989530419,0.3792192317761579,0.4770762895731394,0.9519694728409416,attack_or_collapse,S5_OUTER_WIN_OR_CHAIN,C5__NUKI__IN_OUT__OUTER_CHAIN,5,NUKI,IN_OUT,OUTER_CHAIN,True,False
2026-07-08_18_07,0.21178650820950493,0.5507258079319954,0.36884406905463607,0.48520860545876887,0.9287785406240414,attack_or_collapse,S0_C1_ESCAPE_IN_WIN,C1__ESCAPE__IN_WIN__MIXED,1,ESCAPE,IN_WIN,MIXED,False,False
2026-07-08_18_08,0.23350904045996324,0.5395600909467757,0.36770409163744977,0.45873603121689427,0.9245589539469301,attack_or_collapse,S4_C4_WIN_KADO,C4__MAKURI__IN_OUT__OUTER_CHAIN,4,MAKURI,IN_OUT,OUTER_CHAIN,True,False
2026-07-08_18_09,0.27724325258967075,0.4963835671637695,0.3004794419685547,0.43277709119145236,0.896856026157394,neutral,S0_C1_ESCAPE_IN_WIN,C1__ESCAPE__IN_WIN__MIXED,1,ESCAPE,IN_WIN,MIXED,False,False
2026-07-08_18_10,0.3436176155450104,0.49262097876711136,0.3752125867504289,0.43762001577927756,0.8875373937564276,stable_escape,S0_C1_ESCAPE_IN_WIN,C1__ESCAPE__IN_WIN__OUTER_CHAIN,1,ESCAPE,IN_WIN,OUTER_CHAIN,True,False
2026-07-08_18_11,0.3123556474217681,0.5039972095682088,0.3798659442543624,0.4444192623224893,0.9003087033517768,attack_or_collapse,S0_C1_ESCAPE_IN_WIN,C1__ESCAPE__IN_WIN__CENTER_OUTER,1,ESCAPE,IN_WIN,CENTER_OUTER,False,False
2026-07-08_18_12,0.3266311886366662,0.49783622599109023,0.37781582218033005,0.45620429274508867,0.8927511386193603,stable_escape,S0_C1_ESCAPE_IN_WIN,C1__ESCAPE__IN_WIN__INNER_CENTER,1,ESCAPE,IN_WIN,INNER_CENTER,False,False
2026-07-08_20_01,0.2616547593146262,0.5166319921414346,0.34448217019698335,0.4616244738016356,0.9279755851873408,neutral,S4_C4_WIN_KADO,C4__SASHI__IN_OUT__OUTER_CHAIN,4,SASHI,IN_OUT,OUTER_CHAIN,True,False
2026-07-08_20_02,0.1767754327116462,0.582037914266599,0.4029692602449053,0.49005414935351965,0.9470266231376443,attack_or_collapse,S4_C4_WIN_KADO,C4__MAKURI_SASHI__IN_OUT__OUTER_CHAIN,4,MAKURI_SASHI,IN_OUT,OUTER_CHAIN,True,False
2026-07-08_20_03,0.23810187478190592,0.5631328128555595,0.43510056567729816,0.49759412485634963,0.9489637098621702,attack_or_collapse,S4_C4_WIN_KADO,C4__MAKURI_SASHI__IN_REMAIN__INNER_CENTER,4,MAKURI_SASHI,IN_REMAIN,INNER_CENTER,False,False
2026-07-08_20_04,0.17373396687958542,0.5838427162201134,0.40536853759204416,0.49155101557603714,0.9243743472968505,attack_or_collapse,S4_C4_WIN_KADO,C4__MAKURI_SASHI__IN_OUT__OUTER_CHAIN,4,MAKURI_SASHI,IN_OUT,OUTER_CHAIN,True,False
2026-07-08_20_05,0.3279674900189698,0.4973118529217266,0.35290817514600265,0.4494020778871253,0.89735006078999,stable_escape,S4_C4_WIN_KADO,C4__MAKURI__IN_OUT__OUTER_CHAIN,4,MAKURI,IN_OUT,OUTER_CHAIN,True,False
2026-07-08_20_06,0.18827865264414678,0.5539863758547089,0.3650599905164301,0.4775695175319047,0.9454274945890063,attack_or_collapse,S3_C3_WIN_CENTER,C3__SASHI__IN_OUT__CENTER_OUTER,3,SASHI,IN_OUT,CENTER_OUTER,False,False
2026-07-08_20_07,0.2571028786102488,0.5229340392595194,0.3632323724318162,0.4739749768974961,0.9490245857984068,upset_or_flat,S0_C1_ESCAPE_IN_WIN,C1__ESCAPE__IN_OUT__CENTER_OUTER,1,ESCAPE,IN_OUT,CENTER_OUTER,False,False
2026-07-08_20_08,0.26697627044867445,0.5296626014515937,0.372410806056062,0.46592153416150706,0.9366033350737487,neutral,S1_C2_SASHI_IN_REMAIN,C2__SASHI__IN_REMAIN__INNER_TOP3,2,SASHI,IN_REMAIN,INNER_TOP3,False,True
2026-07-08_20_09,0.30480600219581355,0.49749057904071564,0.35721197965178664,0.45849365644966295,0.9224475983658763,stable_escape,S0_C1_ESCAPE_IN_WIN,C1__ESCAPE__IN_WIN__INNER_TOP3,1,ESCAPE,IN_WIN,INNER_TOP3,False,True
2026-07-08_20_10,0.31267113395134455,0.5223702310762582,0.4222738968660645,0.4758630396054086,0.9216438879714106,attack_or_collapse,S3_C3_WIN_CENTER,C3__MAKURI_SASHI__IN_REMAIN__INNER_TOP3,3,MAKURI_SASHI,IN_REMAIN,INNER_TOP3,False,True
2026-07-08_20_11,0.2629235146791604,0.5393888871738378,0.37932489464534275,0.4484677881027635,0.9018045458446056,attack_or_collapse,S0_C1_ESCAPE_IN_WIN,C1__ESCAPE__IN_WIN__INNER_CENTER,1,ESCAPE,IN_WIN,INNER_CENTER,False,False
2026-07-08_20_12,0.312635238879926,0.49887478072171365,0.3681727939936038,0.44992684796241317,0.8946675972551609,stable_escape,S4_C4_WIN_KADO,C4__MAKURI__IN_REMAIN__OUTER_CHAIN,4,MAKURI,IN_REMAIN,OUTER_CHAIN,True,False
2026-07-08_24_01,0.22017413985412423,0.5405274726689222,0.35696958273727786,0.47543772566930187,0.9363456305390063,attack_or_collapse,S0_C1_ESCAPE_IN_WIN,C1__ESCAPE__IN_WIN__MIXED,1,ESCAPE,IN_WIN,MIXED,False,False
2026-07-08_24_02,0.20465587506431118,0.5527281612484201,0.3569860718775554,0.47387289003839766,0.9529759218960148,attack_or_collapse,S2_C2_WIN_IN_OUT,C2__MAKURI__IN_REMAIN__MIXED,2,MAKURI,IN_REMAIN,MIXED,False,False
2026-07-08_24_03,0.2991962071245799,0.4979128478751491,0.3522250923910008,0.4592969038740503,0.9185859994960577,stable_escape,S5_OUTER_WIN_OR_CHAIN,C5__MAKURI_SASHI__IN_OUT__OUTER_CHAIN,5,MAKURI_SASHI,IN_OUT,OUTER_CHAIN,True,False
2026-07-08_24_04,0.28321227073045363,0.513469658792951,0.35498763064076855,0.447090792336194,0.8970381576808792,neutral,S0_C1_ESCAPE_IN_WIN,C1__ESCAPE__IN_WIN__MIXED,1,ESCAPE,IN_WIN,MIXED,False,False
2026-07-08_24_05,0.2851082465142897,0.5293505253941047,0.4072514985852993,0.4682538313619277,0.9070566636709526,attack_or_collapse,S0_C1_ESCAPE_IN_WIN,C1__ESCAPE__IN_WIN__CENTER_OUTER,1,ESCAPE,IN_WIN,CENTER_OUTER,False,False
2026-07-08_24_06,0.24077406274732724,0.5365958538455757,0.3672884009480831,0.4676809777406744,0.9305141843741904,attack_or_collapse,S5_OUTER_WIN_OR_CHAIN,C5__SASHI__IN_OUT__OUTER_CHAIN,5,SASHI,IN_OUT,OUTER_CHAIN,True,False
2026-07-08_24_07,0.33849287445240994,0.5053814007793638,0.40147763312149043,0.45884985362977354,0.8889275397894462,attack_or_collapse,S4_C4_WIN_KADO,C4__MAKURI__IN_REMAIN__OUTER_CHAIN,4,MAKURI,IN_REMAIN,OUTER_CHAIN,True,False
2026-07-08_24_08,0.2644975224394547,0.5118666937758962,0.34752276375696656,0.44300460630367755,0.9030875369344311,neutral,S0_C1_ESCAPE_IN_WIN,C1__ESCAPE__IN_WIN__INNER_CENTER,1,ESCAPE,IN_WIN,INNER_CENTER,False,False
2026-07-08_24_09,0.2869051795042695,0.5004335613666478,0.333596617454797,0.44940498418331243,0.8959082338421195,neutral,S0_C1_ESCAPE_IN_WIN,C1__ESCAPE__IN_WIN__MIXED,1,ESCAPE,IN_WIN,MIXED,False,False
2026-07-08_24_10,0.2904542062900262,0.4910031679228695,0.32181846001168996,0.4350168061341434,0.8844643718095984,neutral,S0_C1_ESCAPE_IN_WIN,C1__ESCAPE__IN_WIN__MIXED,1,ESCAPE,IN_WIN,MIXED,False,False
2026-07-08_24_11,0.28547863473593343,0.5070501402682999,0.3589212533966189,0.4529760697040191,0.892254279999644,neutral,S0_C1_ESCAPE_IN_WIN,C1__ESCAPE__IN_WIN__CENTER_OUTER,1,ESCAPE,IN_WIN,CENTER_OUTER,False,False
2026-07-08_24_12,0.2940083670036376,0.510706812777532,0.36032584151774494,0.44364972711889655,0.8935182813127319,stable_escape,S0_C1_ESCAPE_IN_WIN,C1__ESCAPE__IN_WIN__INNER_TOP3,1,ESCAPE,IN_WIN,INNER_TOP3,False,True
2026-07-09_01_01,0.1942874374291155,0.5738137856975198,0.40087888347240563,0.5001003843303529,0.9501656255003199,attack_or_collapse,S0_C1_ESCAPE_IN_WIN,C1__ESCAPE__IN_WIN__CENTER_OUTER,1,ESCAPE,IN_WIN,CENTER_OUTER,False,False
2026-07-09_01_02,0.33090327205255005,0.48178143416359454,0.3425457132279955,0.4349098573214376,0.903432637348333,stable_escape,S0_C1_ESCAPE_IN_WIN,C1__ESCAPE__IN_WIN__INNER_TOP3,1,ESCAPE,IN_WIN,INNER_TOP3,False,True
2026-07-09_01_03,0.21845439091518676,0.572817917928164,0.4346591063580011,0.5002824000612498,0.9494565921312714,attack_or_collapse,S0_C1_ESCAPE_IN_WIN,C1__ESCAPE__IN_WIN__INNER_TOP3,1,ESCAPE,IN_WIN,INNER_TOP3,False,True
2026-07-09_01_04,0.2224530970129815,0.5505138474808835,0.388844093991941,0.4808452877619911,0.9383895942692513,attack_or_collapse,S0_C1_ESCAPE_IN_WIN,C1__ESCAPE__IN_WIN__MIXED,1,ESCAPE,IN_WIN,MIXED,False,False
2026-07-09_01_05,0.2579100886468435,0.5414355747673596,0.3940145854005588,0.48896038570441125,0.9325066871438605,attack_or_collapse,S3_C3_WIN_CENTER,C3__MAKURI__IN_OUT__OUTER_CHAIN,3,MAKURI,IN_OUT,OUTER_CHAIN,True,False
2026-07-09_01_06,0.26039935662756025,0.5273942201060083,0.3761345741250161,0.47933639095147107,0.9163766951863815,upset_or_flat,S0_C1_ESCAPE_IN_WIN,C1__ESCAPE__IN_WIN__CENTER_OUTER,1,ESCAPE,IN_WIN,CENTER_OUTER,False,False
2026-07-09_01_07,0.312634822227911,0.4984885736453741,0.3544962781343508,0.4511401261112771,0.8987036581912045,stable_escape,S0_C1_ESCAPE_IN_WIN,C1__ESCAPE__IN_WIN__INNER_TOP3,1,ESCAPE,IN_WIN,INNER_TOP3,False,True
2026-07-09_01_08,0.30543901723556227,0.5052994192056921,0.3598725447019925,0.45136503678303325,0.9205590713582749,stable_escape,S0_C1_ESCAPE_IN_WIN,C1__ESCAPE__IN_WIN__OUTER_CHAIN,1,ESCAPE,IN_WIN,OUTER_CHAIN,True,False
2026-07-09_01_09,0.26736494034895514,0.5457658358562819,0.41241118669608345,0.4755119021800077,0.8992771609209597,attack_or_collapse,S0_C1_ESCAPE_IN_WIN,C1__ESCAPE__IN_WIN__CENTER_OUTER,1,ESCAPE,IN_WIN,CENTER_OUTER,False,False
2026-07-09_01_10,0.27689474564963695,0.5226843309603824,0.3724573490968285,0.47757310777073864,0.9345483594807924,upset_or_flat,S5_OUTER_WIN_OR_CHAIN,C5__MAKURI_SASHI__IN_OUT__OUTER_CHAIN,5,MAKURI_SASHI,IN_OUT,OUTER_CHAIN,True,False
2026-07-09_01_11,0.21965765391897374,0.5535867408322928,0.3804741679402158,0.4714150590913049,0.9159251215844347,attack_or_collapse,S0_C1_ESCAPE_IN_WIN,C1__ESCAPE__IN_WIN__CENTER_OUTER,1,ESCAPE,IN_WIN,CENTER_OUTER,False,False
2026-07-09_01_12,0.2474531239070605,0.5285506906848954,0.3689855199437465,0.44942187311469695,0.9001031979893583,neutral,S0_C1_ESCAPE_IN_WIN,C1__ESCAPE__IN_WIN__INNER_TOP3,1,ESCAPE,IN_WIN,INNER_TOP3,False,True
2026-07-09_02_01,0.24349038896925043,0.5303294067499649,0.36831082774313345,0.46183086263332257,0.9185295840573355,neutral,S3_C3_WIN_CENTER,C3__MAKURI__IN_OUT__OUTER_CHAIN,3,MAKURI,IN_OUT,OUTER_CHAIN,True,False
2026-07-09_02_02,0.21297176355200134,0.5597003226936041,0.37535041946902586,0.4567519206801216,0.9441088835273697,attack_or_collapse,S2_C2_WIN_IN_OUT,C2__MAKURI__IN_OUT__CENTER_OUTER,2,MAKURI,IN_OUT,CENTER_OUTER,False,False
2026-07-09_02_03,0.24735441966472393,0.537229340163899,0.3651450787521625,0.4775823869627246,0.9515445980663586,attack_or_collapse,S3_C3_WIN_CENTER,C3__MAKURI_SASHI__IN_REMAIN__CENTER_OUTER,3,MAKURI_SASHI,IN_REMAIN,CENTER_OUTER,False,False
2026-07-09_02_04,0.22926211276249472,0.5452333663235385,0.38577428658487256,0.468915710348064,0.9216772127675983,attack_or_collapse,S0_C1_ESCAPE_IN_WIN,C1__ESCAPE__IN_WIN__OUTER_CHAIN,1,ESCAPE,IN_WIN,OUTER_CHAIN,True,False
2026-07-09_02_05,0.180080613638043,0.5848108764409612,0.42245677753610267,0.4964555382177785,0.9371883912204575,attack_or_collapse,S0_C1_ESCAPE_IN_WIN,C1__ESCAPE__IN_WIN__CENTER_OUTER,1,ESCAPE,IN_WIN,CENTER_OUTER,False,False
2026-07-09_02_06,0.17908765947877572,0.5860596228175132,0.4243187247878082,0.5006397091516924,0.9507812741951158,attack_or_collapse,S4_C4_WIN_KADO,C4__MAKURI__IN_OUT__OUTER_CHAIN,4,MAKURI,IN_OUT,OUTER_CHAIN,True,False
2026-07-09_02_07,0.2611914352375477,0.5147647355755147,0.3392013841302577,0.4546937361362466,0.9076929836126253,neutral,S0_C1_ESCAPE_IN_WIN,C1__ESCAPE__IN_WIN__OUTER_CHAIN,1,ESCAPE,IN_WIN,OUTER_CHAIN,True,False
2026-07-09_02_08,0.27291345332902495,0.5146889377072096,0.3548270877590003,0.46840138110606133,0.9198493861515284,neutral,S0_C1_ESCAPE_IN_WIN,C1__ESCAPE__IN_WIN__INNER_TOP3,1,ESCAPE,IN_WIN,INNER_TOP3,False,True
2026-07-09_02_09,0.2825207547450161,0.49338002637113726,0.3189056605407426,0.4449525783844942,0.9308265734327146,neutral,S4_C4_WIN_KADO,C4__MAKURI__IN_REMAIN__INNER_CENTER,4,MAKURI,IN_REMAIN,INNER_CENTER,False,False
2026-07-09_02_10,0.28755590066800435,0.5279135949034898,0.40051316723567687,0.49017024602875514,0.9306005239909417,attack_or_collapse,S3_C3_WIN_CENTER,C3__NUKI__IN_REMAIN__CENTER_OUTER,3,NUKI,IN_REMAIN,CENTER_OUTER,False,False
2026-07-09_02_11,0.29773598477513324,0.5083280157757961,0.3735397548526478,0.45942845751460043,0.9064232429490998,stable_escape,S0_C1_ESCAPE_IN_WIN,C1__ESCAPE__IN_WIN__CENTER_OUTER,1,ESCAPE,IN_WIN,CENTER_OUTER,False,False
2026-07-09_02_12,0.3128835354603026,0.49754513870073985,0.3510453042304247,0.4440869929126061,0.9076563278692265,stable_escape,S5_OUTER_WIN_OR_CHAIN,C6__MAKURI__IN_REMAIN__MIXED,6,MAKURI,IN_REMAIN,MIXED,False,False
2026-07-09_05_01,0.20130529473664205,0.5612885632490179,0.3921701738059397,0.4946440809323024,0.9471526251069343,attack_or_collapse,S2_C2_WIN_IN_OUT,C2__MAKURI__IN_OUT__OUTER_CHAIN,2,MAKURI,IN_OUT,OUTER_CHAIN,True,False
2026-07-09_05_02,0.22003811300716936,0.5359037844298957,0.34337901498111756,0.46595153904554004,0.9258624344129056,attack_or_collapse,S0_C1_ESCAPE_IN_WIN,C1__ESCAPE__IN_WIN__INNER_CENTER,1,ESCAPE,IN_WIN,INNER_CENTER,False,False
2026-07-09_05_03,0.22402524259658457,0.5427874486655933,0.3701345014082159,0.48227705694647643,0.9177414610389467,attack_or_collapse,S5_OUTER_WIN_OR_CHAIN,C6__MAKURI__IN_OUT__OUTER_CHAIN,6,MAKURI,IN_OUT,OUTER_CHAIN,True,False
2026-07-09_05_04,0.19349906963947736,0.5569730475376525,0.36462461731595197,0.4802762923245022,0.9396826995113774,attack_or_collapse,S5_OUTER_WIN_OR_CHAIN,C5__MAKURI_SASHI__IN_OUT__OUTER_CHAIN,5,MAKURI_SASHI,IN_OUT,OUTER_CHAIN,True,False
2026-07-09_05_05,0.28250718007950487,0.5101648082060244,0.3492810416882116,0.44601326249489615,0.9462788539379837,upset_or_flat,S3_C3_WIN_CENTER,C3__SASHI__IN_OUT__CENTER_OUTER,3,SASHI,IN_OUT,CENTER_OUTER,False,False
2026-07-09_05_06,0.26491239327397736,0.5087592498595914,0.33560667945473743,0.4616943365710803,0.9532975876221864,upset_or_flat,S3_C3_WIN_CENTER,C3__MAKURI__IN_OUT__OUTER_CHAIN,3,MAKURI,IN_OUT,OUTER_CHAIN,True,False
2026-07-09_05_07,0.2511811694069058,0.5222424009478983,0.3558887278535332,0.4625383393499424,0.9532203095441425,upset_or_flat,S5_OUTER_WIN_OR_CHAIN,C6__MAKURI__IN_OUT__OUTER_CHAIN,6,MAKURI,IN_OUT,OUTER_CHAIN,True,False
2026-07-09_05_08,0.27322859744444516,0.539589879223752,0.4175985935167327,0.4781563492393713,0.9162092797667324,attack_or_collapse,S0_C1_ESCAPE_IN_WIN,C1__ESCAPE__IN_WIN__INNER_CENTER,1,ESCAPE,IN_WIN,INNER_CENTER,False,False
2026-07-09_05_09,0.2632301827015268,0.5187505252956951,0.345237625825519,0.4592590508717906,0.8990468357849595,neutral,S0_C1_ESCAPE_IN_WIN,C1__ESCAPE__IN_WIN__CENTER_OUTER,1,ESCAPE,IN_WIN,CENTER_OUTER,False,False
2026-07-09_05_10,0.28418670083760156,0.5203988393829694,0.3848127712906865,0.4700425367374178,0.9138422041749885,attack_or_collapse,S0_C1_ESCAPE_IN_WIN,C1__ESCAPE__IN_WIN__INNER_CENTER,1,ESCAPE,IN_WIN,INNER_CENTER,False,False
2026-07-09_05_11,0.2860026018756612,0.518578237962755,0.38232622608273126,0.4558010524379017,0.8966279094490672,attack_or_collapse,S5_OUTER_WIN_OR_CHAIN,C5__NUKI__IN_REMAIN__MIXED,5,NUKI,IN_REMAIN,MIXED,False,False
2026-07-09_05_12,0.348877085730624,0.4786782663383113,0.3610827587799336,0.4320028085832883,0.8849292658364136,stable_escape,S0_C1_ESCAPE_IN_WIN,C1__ESCAPE__IN_WIN__INNER_TOP3,1,ESCAPE,IN_WIN,INNER_TOP3,False,True
2026-07-09_08_01,0.2862023446177515,0.5231616575319562,0.38814337552392975,0.47597742079590794,0.9305107368336363,attack_or_collapse,S0_C1_ESCAPE_IN_WIN,C1__ESCAPE__IN_WIN__CENTER_OUTER,1,ESCAPE,IN_WIN,CENTER_OUTER,False,False
2026-07-09_08_02,0.24703345097635285,0.5369343047633,0.3643109427717154,0.47790422648244996,0.9506978868093858,attack_or_collapse,S4_C4_WIN_KADO,C4__SASHI__IN_REMAIN__INNER_CENTER,4,SASHI,IN_REMAIN,INNER_CENTER,False,False
2026-07-09_08_03,0.17404201003003583,0.5559424218943423,0.3595312442631464,0.48075923985933616,0.9460171362576496,attack_or_collapse,S2_C2_WIN_IN_OUT,C2__MAKURI__IN_OUT__CENTER_OUTER,2,MAKURI,IN_OUT,CENTER_OUTER,False,False
2026-07-09_08_04,0.2061050367120411,0.5579182720564786,0.39109314197225153,0.47836637879537086,0.9424922443517795,attack_or_collapse,S0_C1_ESCAPE_IN_WIN,C1__ESCAPE__IN_WIN__CENTER_OUTER,1,ESCAPE,IN_WIN,CENTER_OUTER,False,False
2026-07-09_08_05,0.3163069002800615,0.4973280215053096,0.35539185905739534,0.449429870246383,0.9100919363128683,stable_escape,S0_C1_ESCAPE_IN_WIN,C1__ESCAPE__IN_WIN__MIXED,1,ESCAPE,IN_WIN,MIXED,False,False
2026-07-09_08_06,0.3204162881306678,0.476984456326719,0.312797505719082,0.43095610833618014,0.8959670871006186,stable_escape,S0_C1_ESCAPE_IN_WIN,C1__ESCAPE__IN_WIN__INNER_CENTER,1,ESCAPE,IN_WIN,INNER_CENTER,False,False
2026-07-09_08_07,0.19009521926888798,0.5502346561339815,0.3310220368765406,0.46850397389453213,0.9310466669713501,attack_or_collapse,S1_C2_SASHI_IN_REMAIN,C2__SASHI__IN_REMAIN__INNER_CENTER,2,SASHI,IN_REMAIN,INNER_CENTER,False,False
2026-07-09_08_08,0.26173023366653675,0.5235255549232981,0.3693063453331681,0.4717139211244331,0.9414027462940038,upset_or_flat,S3_C3_WIN_CENTER,C3__MAKURI__IN_OUT__CENTER_OUTER,3,MAKURI,IN_OUT,CENTER_OUTER,False,False
2026-07-09_08_09,0.20561014533210797,0.5615333461983361,0.38810917712384563,0.4908342473078564,0.9475731264674847,attack_or_collapse,S0_C1_ESCAPE_IN_WIN,C1__ESCAPE__IN_WIN__INNER_TOP3,1,ESCAPE,IN_WIN,INNER_TOP3,False,True
2026-07-09_08_10,0.33295062223836,0.48626156438779894,0.3407437197756367,0.44788719280681616,0.9151325016800819,stable_escape,S0_C1_ESCAPE_IN_WIN,C1__ESCAPE__IN_WIN__MIXED,1,ESCAPE,IN_WIN,MIXED,False,False
2026-07-09_08_11,0.2960384947275001,0.5110271929921029,0.36630188563342003,0.46926421136512486,0.9105066774509065,stable_escape,S0_C1_ESCAPE_IN_WIN,C1__ESCAPE__IN_WIN__CENTER_OUTER,1,ESCAPE,IN_WIN,CENTER_OUTER,False,False
2026-07-09_08_12,0.2835687529095182,0.5065419493056625,0.3456102352856816,0.43058037959784107,0.9019219629682901,neutral,S0_C1_ESCAPE_IN_WIN,C1__ESCAPE__IN_WIN__INNER_TOP3,1,ESCAPE,IN_WIN,INNER_TOP3,False,True
2026-07-09_10_01,0.28629819235961623,0.5172496442534233,0.38318727624681287,0.4612337912919427,0.8966137060447444,attack_or_collapse,S0_C1_ESCAPE_IN_WIN,C1__ESCAPE__IN_WIN__INNER_CENTER,1,ESCAPE,IN_WIN,INNER_CENTER,False,False
2026-07-09_10_02,0.30006795071566655,0.4976142419181439,0.3498945273637102,0.45330740241673084,0.9361180271228752,stable_escape,S0_C1_ESCAPE_IN_WIN,C1__NUKI__IN_WIN__INNER_CENTER,1,NUKI,IN_WIN,INNER_CENTER,False,False
2026-07-09_10_03,0.3536866717901272,0.4620887996169468,0.32458228877586287,0.4137537975622899,0.8838562457991558,stable_escape,S0_C1_ESCAPE_IN_WIN,C1__ESCAPE__IN_WIN__INNER_CENTER,1,ESCAPE,IN_WIN,INNER_CENTER,False,False
2026-07-09_10_04,0.3475909112854881,0.4915960626226873,0.37796343869250726,0.44935857326267026,0.8798255478087691,attack_or_collapse,S0_C1_ESCAPE_IN_WIN,C1__ESCAPE__IN_WIN__MIXED,1,ESCAPE,IN_WIN,MIXED,False,False
2026-07-09_10_05,0.25044008541770374,0.516576196939665,0.34265636042961023,0.4662839004065292,0.9393425305552456,upset_or_flat,S1_C2_SASHI_IN_REMAIN,C2__SASHI__IN_REMAIN__MIXED,2,SASHI,IN_REMAIN,MIXED,False,False
2026-07-09_10_06,0.1930537168258744,0.5657770999514258,0.36671853921355113,0.4833482062427036,0.9409066611130401,attack_or_collapse,S0_C1_ESCAPE_IN_WIN,C1__ESCAPE__IN_WIN__MIXED,1,ESCAPE,IN_WIN,MIXED,False,False
2026-07-09_10_07,0.2625857732113963,0.4998245914279943,0.3146130881816327,0.4455685875656356,0.9444017686544037,upset_or_flat,S0_C1_ESCAPE_IN_WIN,C1__ESCAPE__IN_WIN__CENTER_OUTER,1,ESCAPE,IN_WIN,CENTER_OUTER,False,False
2026-07-09_10_08,0.23555774075056754,0.5208848800142704,0.3261976125938333,0.45857591026227984,0.9493575174308679,upset_or_flat,S0_C1_ESCAPE_IN_WIN,C1__ESCAPE__IN_WIN__MIXED,1,ESCAPE,IN_WIN,MIXED,False,False
2026-07-09_10_09,0.24975770879684173,0.5244030447834259,0.35965911766325265,0.4531363949237898,0.943536359434038,upset_or_flat,S3_C3_WIN_CENTER,C3__SASHI__IN_OUT__CENTER_OUTER,3,SASHI,IN_OUT,CENTER_OUTER,False,False
2026-07-09_10_10,0.22750811010201877,0.5617997903567273,0.4109116640767593,0.4819514927474645,0.9323516946500541,attack_or_collapse,S3_C3_WIN_CENTER,C3__SASHI__IN_REMAIN__CENTER_OUTER,3,SASHI,IN_REMAIN,CENTER_OUTER,False,False
2026-07-09_10_11,0.27443014750702976,0.5127967744778101,0.3425318567428113,0.4505200141852256,0.943107729774213,upset_or_flat,S0_C1_ESCAPE_IN_WIN,C1__ESCAPE__IN_WIN__INNER_CENTER,1,ESCAPE,IN_WIN,INNER_CENTER,False,False
2026-07-09_10_12,0.28640190847075636,0.5037483599712582,0.34456065539084635,0.4430435974665454,0.9020976491612978,neutral,S0_C1_ESCAPE_IN_WIN,C1__ESCAPE__IN_WIN__CENTER_OUTER,1,ESCAPE,IN_WIN,CENTER_OUTER,False,False
2026-07-09_11_01,0.30845059024773314,0.4968842935482131,0.35907500223392996,0.4420289682725115,0.9205141546717976,stable_escape,S5_OUTER_WIN_OR_CHAIN,C5__NUKI__IN_REMAIN__OUTER_CHAIN,5,NUKI,IN_REMAIN,OUTER_CHAIN,True,False
2026-07-09_11_02,0.24913398527291986,0.5272375342866429,0.3552816270743857,0.4719617917201345,0.9236186370073098,upset_or_flat,S3_C3_WIN_CENTER,C3__MAKURI__IN_OUT__CENTER_OUTER,3,MAKURI,IN_OUT,CENTER_OUTER,False,False
2026-07-09_11_03,0.24038153333351903,0.5379633573673617,0.3708025755468982,0.46185723743862794,0.9403761307183166,attack_or_collapse,S0_C1_ESCAPE_IN_WIN,C1__ESCAPE__IN_WIN__INNER_TOP3,1,ESCAPE,IN_WIN,INNER_TOP3,False,True
2026-07-09_11_04,0.25007548332191204,0.5390063297258663,0.3825950389434085,0.4595580188535924,0.947186728014856,attack_or_collapse,S3_C3_WIN_CENTER,C3__MAKURI__IN_REMAIN__CENTER_OUTER,3,MAKURI,IN_REMAIN,CENTER_OUTER,False,False
2026-07-09_11_05,0.3333769322270986,0.48142750906876364,0.3375349862036513,0.43274997496668943,0.8986747323703032,stable_escape,S0_C1_ESCAPE_IN_WIN,C1__ESCAPE__IN_WIN__INNER_CENTER,1,ESCAPE,IN_WIN,INNER_CENTER,False,False
2026-07-09_11_06,0.307595397139538,0.4874854982562459,0.3255787123582633,0.4377737302099951,0.8993836689198078,stable_escape,S0_C1_ESCAPE_IN_WIN,C1__ESCAPE__IN_WIN__CENTER_OUTER,1,ESCAPE,IN_WIN,CENTER_OUTER,False,False
2026-07-09_11_07,0.24235207751752416,0.5260079241172637,0.3576524713479534,0.45882108188113624,0.9410462283020529,upset_or_flat,S2_C2_WIN_IN_OUT,C2__MAKURI__IN_REMAIN__MIXED,2,MAKURI,IN_REMAIN,MIXED,False,False
2026-07-09_11_08,0.24292720006122276,0.543020598421804,0.3837358539660042,0.49064795250124627,0.9252460483170677,attack_or_collapse,S3_C3_WIN_CENTER,C3__SASHI__IN_REMAIN__INNER_TOP3,3,SASHI,IN_REMAIN,INNER_TOP3,False,True
2026-07-09_11_09,0.2640131631397735,0.5111160322639758,0.32699527654454086,0.4483721645306057,0.9402722651422536,upset_or_flat,S1_C2_SASHI_IN_REMAIN,C2__SASHI__IN_REMAIN__INNER_TOP3,2,SASHI,IN_REMAIN,INNER_TOP3,False,True
2026-07-09_11_10,0.24743725660064972,0.5197119886857045,0.3425737879978176,0.45922909245522486,0.9247864897726858,neutral,S0_C1_ESCAPE_IN_WIN,C1__ESCAPE__IN_WIN__OUTER_CHAIN,1,ESCAPE,IN_WIN,OUTER_CHAIN,True,False
2026-07-09_11_11,0.2886830520246535,0.49638098632896227,0.33612981725609814,0.4438316308819418,0.8989765568305146,neutral,S3_C3_WIN_CENTER,C3__MAKURI__IN_OUT__CENTER_OUTER,3,MAKURI,IN_OUT,CENTER_OUTER,False,False
2026-07-09_11_12,0.2718836016236192,0.5449862049319273,0.42890836006224514,0.4847524350049146,0.9055080783433866,attack_or_collapse,S0_C1_ESCAPE_IN_WIN,C1__ESCAPE__IN_WIN__OUTER_CHAIN,1,ESCAPE,IN_WIN,OUTER_CHAIN,True,False
2026-07-09_14_01,0.27043180410890655,0.5224353893729905,0.3686385510886233,0.4520998947323309,0.8928902419036151,neutral,S5_OUTER_WIN_OR_CHAIN,C5__MAKURI_SASHI__IN_REMAIN__OUTER_CHAIN,5,MAKURI_SASHI,IN_REMAIN,OUTER_CHAIN,True,False
2026-07-09_14_02,0.3312365959010816,0.47382463731927077,0.3425742622344121,0.4399290293974991,0.9276931685805838,stable_escape,S2_C2_WIN_IN_OUT,C2__MAKURI__IN_OUT__OUTER_CHAIN,2,MAKURI,IN_OUT,OUTER_CHAIN,True,False
2026-07-09_14_03,0.24776686600021358,0.5311274034494062,0.3543673411499119,0.46861415113023047,0.9257686412885952,neutral,S4_C4_WIN_KADO,C4__NUKI__IN_REMAIN__INNER_CENTER,4,NUKI,IN_REMAIN,INNER_CENTER,False,False
2026-07-09_14_04,0.26155405211355653,0.5375813470790547,0.3722165902654651,0.4558413932184846,0.9254194283815192,attack_or_collapse,S1_C2_SASHI_IN_REMAIN,C2__SASHI__IN_REMAIN__MIXED,2,SASHI,IN_REMAIN,MIXED,False,False
2026-07-09_14_05,0.27794373883611423,0.5266927981568019,0.3955029996745243,0.4624155832662151,0.9278205412326075,attack_or_collapse,S5_OUTER_WIN_OR_CHAIN,C5__MAKURI__IN_OUT__OUTER_CHAIN,5,MAKURI,IN_OUT,OUTER_CHAIN,True,False
2026-07-09_14_06,0.23073612410716526,0.5451880962442825,0.3780266973814712,0.46842682524600565,0.9492544973897264,attack_or_collapse,S4_C4_WIN_KADO,C4__MAKURI__IN_OUT__OUTER_CHAIN,4,MAKURI,IN_OUT,OUTER_CHAIN,True,False
2026-07-09_14_07,0.20711430027114117,0.5711816969732895,0.42146462817501407,0.4922009511049733,0.9460417027796616,attack_or_collapse,S4_C4_WIN_KADO,C4__MAKURI_SASHI__IN_OUT__OUTER_CHAIN,4,MAKURI_SASHI,IN_OUT,OUTER_CHAIN,True,False
2026-07-09_14_08,0.3025840122701734,0.4929486173680143,0.32365165384753714,0.44094280026899046,0.918792654904322,stable_escape,S3_C3_WIN_CENTER,C3__SASHI__IN_REMAIN__INNER_TOP3,3,SASHI,IN_REMAIN,INNER_TOP3,False,True
2026-07-09_14_09,0.2646663282570984,0.5228534411342041,0.35353907202944457,0.4600092755861966,0.9367800305262024,neutral,S4_C4_WIN_KADO,C4__MAKURI_SASHI__IN_REMAIN__OUTER_CHAIN,4,MAKURI_SASHI,IN_REMAIN,OUTER_CHAIN,True,False
2026-07-09_14_10,0.2311406788724652,0.5284495626136343,0.35246453326008886,0.4752758443861305,0.9494249446566789,upset_or_flat,S5_OUTER_WIN_OR_CHAIN,C6__SASHI__IN_OUT__CENTER_OUTER,6,SASHI,IN_OUT,CENTER_OUTER,False,False
2026-07-09_14_11,0.28278132576669035,0.5130792776901631,0.35949168010858135,0.45618674489989797,0.9249836428644359,neutral,S0_C1_ESCAPE_IN_WIN,C1__ESCAPE__IN_WIN__INNER_TOP3,1,ESCAPE,IN_WIN,INNER_TOP3,False,True
2026-07-09_14_12,0.29084933491178333,0.5253869701465526,0.407273269968099,0.46657483236996006,0.9030332403152457,attack_or_collapse,S0_C1_ESCAPE_IN_WIN,C1__ESCAPE__IN_WIN__CENTER_OUTER,1,ESCAPE,IN_WIN,CENTER_OUTER,False,False
2026-07-09_15_01,0.2299982565788408,0.5323255860789464,0.35849312031887304,0.4704464119668404,0.9552669095257963,upset_or_flat,S4_C4_WIN_KADO,C4__MAKURI__IN_OUT__OUTER_CHAIN,4,MAKURI,IN_OUT,OUTER_CHAIN,True,False
2026-07-09_15_02,0.1783656641285726,0.5681894543070796,0.3712537898790462,0.48756191378186997,0.9530684176393559,attack_or_collapse,S0_C1_ESCAPE_IN_WIN,C1__ESCAPE__IN_WIN__INNER_TOP3,1,ESCAPE,IN_WIN,INNER_TOP3,False,True
2026-07-09_15_03,0.2464865956477099,0.5324964005911478,0.35935480491904787,0.4715338962420119,0.948845454312359,upset_or_flat,S0_C1_ESCAPE_IN_WIN,C1__ESCAPE__IN_WIN__INNER_CENTER,1,ESCAPE,IN_WIN,INNER_CENTER,False,False
2026-07-09_15_04,0.25962880607561917,0.5366706721559025,0.3875310087649937,0.4602177286452288,0.9298985428941289,attack_or_collapse,S4_C4_WIN_KADO,C4__MAKURI__IN_OUT__OUTER_CHAIN,4,MAKURI,IN_OUT,OUTER_CHAIN,True,False
2026-07-09_15_05,0.23645145842993961,0.5421801000130437,0.37704649642633725,0.47859627909339053,0.9329073638162679,attack_or_collapse,S0_C1_ESCAPE_IN_WIN,C1__ESCAPE__IN_WIN__CENTER_OUTER,1,ESCAPE,IN_WIN,CENTER_OUTER,False,False
2026-07-09_15_06,0.26151174757553336,0.5140778282073616,0.3479119597221565,0.46906819539324374,0.9309787951786647,neutral,S5_OUTER_WIN_OR_CHAIN,C5__MAKURI_SASHI__IN_REMAIN__OUTER_CHAIN,5,MAKURI_SASHI,IN_REMAIN,OUTER_CHAIN,True,False
2026-07-09_15_07,0.27002697717153473,0.5322691949737071,0.40087827366071593,0.46686910881508215,0.9167167892081278,attack_or_collapse,S3_C3_WIN_CENTER,C3__SASHI__IN_REMAIN__CENTER_OUTER,3,SASHI,IN_REMAIN,CENTER_OUTER,False,False
2026-07-09_15_08,0.3436071723677,0.4728867946679537,0.3086611214003169,0.4290559950754963,0.8878632264636172,stable_escape,S0_C1_ESCAPE_IN_WIN,C1__ESCAPE__IN_WIN__MIXED,1,ESCAPE,IN_WIN,MIXED,False,False
2026-07-09_15_09,0.2697390390126006,0.5010897607359119,0.29602671511122647,0.40874968293801495,0.9239256723746909,neutral,S3_C3_WIN_CENTER,C3__MAKURI_SASHI__IN_REMAIN__CENTER_OUTER,3,MAKURI_SASHI,IN_REMAIN,CENTER_OUTER,False,False
2026-07-09_15_10,0.2738086177053309,0.5192823982690802,0.37427898452919284,0.460053975706445,0.9078875115925062,neutral,S0_C1_ESCAPE_IN_WIN,C1__ESCAPE__IN_WIN__INNER_CENTER,1,ESCAPE,IN_WIN,INNER_CENTER,False,False
2026-07-09_15_11,0.2425199546175835,0.542700968080852,0.3923838242593299,0.472268709291862,0.9120026314298617,attack_or_collapse,S3_C3_WIN_CENTER,C3__MAKURI__IN_OUT__CENTER_OUTER,3,MAKURI,IN_OUT,CENTER_OUTER,False,False
2026-07-09_15_12,0.2438692453793059,0.5251630988737445,0.3303409430898314,0.4567120076612121,0.9279706684903262,neutral,S1_C2_SASHI_IN_REMAIN,C2__SASHI__IN_REMAIN__INNER_TOP3,2,SASHI,IN_REMAIN,INNER_TOP3,False,True
2026-07-09_16_01,0.2606418647403681,0.525136565363735,0.37870951984694096,0.4496477574348058,0.8975047793840776,attack_or_collapse,S0_C1_ESCAPE_IN_WIN,C1__ESCAPE__IN_WIN__OUTER_CHAIN,1,ESCAPE,IN_WIN,OUTER_CHAIN,True,False
2026-07-09_16_02,0.31996960519261514,0.5018569233214809,0.36762359085828256,0.45672968305854894,0.8999312003801268,stable_escape,S0_C1_ESCAPE_IN_WIN,C1__ESCAPE__IN_WIN__INNER_CENTER,1,ESCAPE,IN_WIN,INNER_CENTER,False,False
2026-07-09_16_03,0.21445241064683052,0.5415373901987838,0.3593304116162134,0.4789799275805374,0.9290149575609394,attack_or_collapse,S3_C3_WIN_CENTER,C3__MAKURI_SASHI__IN_REMAIN__INNER_TOP3,3,MAKURI_SASHI,IN_REMAIN,INNER_TOP3,False,True
2026-07-09_16_04,0.22658582386401102,0.5428656730338126,0.36836852142844756,0.48470059093829104,0.9517633124565305,attack_or_collapse,S0_C1_ESCAPE_IN_WIN,C1__ESCAPE__IN_WIN__MIXED,1,ESCAPE,IN_WIN,MIXED,False,False
2026-07-09_16_05,0.27775349953210815,0.537008534278545,0.41499150779131955,0.4856758575196991,0.9506754076897747,attack_or_collapse,S4_C4_WIN_KADO,C4__SASHI__IN_OUT__OUTER_CHAIN,4,SASHI,IN_OUT,OUTER_CHAIN,True,False
2026-07-09_16_06,0.24109567651194663,0.5336577061770329,0.34530773040412854,0.46443273037878735,0.9282130650288295,neutral,S0_C1_ESCAPE_IN_WIN,C1__ESCAPE__IN_WIN__INNER_TOP3,1,ESCAPE,IN_WIN,INNER_TOP3,False,True
2026-07-09_16_07,0.19505414355009862,0.5485853366499351,0.3529031446575208,0.4767674737834944,0.9422384197688579,attack_or_collapse,S2_C2_WIN_IN_OUT,C2__MAKURI__IN_REMAIN__INNER_CENTER,2,MAKURI,IN_REMAIN,INNER_CENTER,False,False
2026-07-09_16_08,0.3132903119775759,0.5003089129294416,0.3719944849116872,0.45842194520615787,0.9352491217525415,stable_escape,S5_OUTER_WIN_OR_CHAIN,C5__MAKURI_SASHI__IN_REMAIN__OUTER_CHAIN,5,MAKURI_SASHI,IN_REMAIN,OUTER_CHAIN,True,False
2026-07-09_16_09,0.2800084538353206,0.511390339509868,0.3523173963799402,0.4506216738963434,0.9199932734609821,neutral,S0_C1_ESCAPE_IN_WIN,C1__ESCAPE__IN_WIN__OUTER_CHAIN,1,ESCAPE,IN_WIN,OUTER_CHAIN,True,False
2026-07-09_16_10,0.29221534625579415,0.5022379743747496,0.34384379764600964,0.4446411167553213,0.9318765484734176,stable_escape,S2_C2_WIN_IN_OUT,C2__SASHI__IN_OUT__OUTER_CHAIN,2,SASHI,IN_OUT,OUTER_CHAIN,True,False
2026-07-09_16_11,0.2944004798303948,0.5064368864577058,0.3436119474294752,0.4523659423698253,0.8952212293680192,stable_escape,S0_C1_ESCAPE_IN_WIN,C1__NUKI__IN_WIN__OUTER_CHAIN,1,NUKI,IN_WIN,OUTER_CHAIN,True,False
2026-07-09_16_12,0.2881627828109414,0.519355716001805,0.3913811666707904,0.4673625957747064,0.9243010696965828,attack_or_collapse,S0_C1_ESCAPE_IN_WIN,C1__ESCAPE__IN_WIN__INNER_CENTER,1,ESCAPE,IN_WIN,INNER_CENTER,False,False
2026-07-09_18_01,0.2937451444827174,0.5206835115346846,0.3823811659974446,0.46479917401636844,0.8992029956054188,attack_or_collapse,S0_C1_ESCAPE_IN_WIN,C1__ESCAPE__IN_WIN__MIXED,1,ESCAPE,IN_WIN,MIXED,False,False
2026-07-09_18_02,0.31023830169723793,0.504369159410935,0.34630109917081003,0.454293924380896,0.9143152403220309,stable_escape,S0_C1_ESCAPE_IN_WIN,C1__ESCAPE__IN_WIN__INNER_CENTER,1,ESCAPE,IN_WIN,INNER_CENTER,False,False
2026-07-09_18_03,0.28227109099735176,0.5055669381935837,0.3333143574422176,0.4455962668575415,0.8944361107846711,neutral,S3_C3_WIN_CENTER,C3__MAKURI_SASHI__IN_REMAIN__CENTER_OUTER,3,MAKURI_SASHI,IN_REMAIN,CENTER_OUTER,False,False
2026-07-09_18_04,0.24995009779979915,0.5382817302854991,0.36446418049136203,0.4696720091219271,0.9039218091187448,attack_or_collapse,S0_C1_ESCAPE_IN_WIN,C1__ESCAPE__IN_WIN__INNER_TOP3,1,ESCAPE,IN_WIN,INNER_TOP3,False,True
2026-07-09_18_05,0.3053502250404228,0.4879198332886708,0.32318756485996636,0.43655280137645663,0.9088768710745616,stable_escape,S0_C1_ESCAPE_IN_WIN,C1__ESCAPE__IN_WIN__INNER_TOP3,1,ESCAPE,IN_WIN,INNER_TOP3,False,True
2026-07-09_18_06,0.2558266030256614,0.5370086531116706,0.39251753828247327,0.4624590713670491,0.9156214315977691,attack_or_collapse,S5_OUTER_WIN_OR_CHAIN,C6__SASHI__IN_OUT__OUTER_CHAIN,6,SASHI,IN_OUT,OUTER_CHAIN,True,False
2026-07-09_18_07,0.30918744770398404,0.4885925326475603,0.33901800009649785,0.43620113885772416,0.9048413983405003,stable_escape,S0_C1_ESCAPE_IN_WIN,C1__ESCAPE__IN_WIN__INNER_CENTER,1,ESCAPE,IN_WIN,INNER_CENTER,False,False
2026-07-09_18_08,0.2244870782471207,0.5396937762756044,0.3582282883436009,0.47984208464880374,0.9355797539643166,attack_or_collapse,S0_C1_ESCAPE_IN_WIN,C1__ESCAPE__IN_WIN__OUTER_CHAIN,1,ESCAPE,IN_WIN,OUTER_CHAIN,True,False
2026-07-09_18_09,0.27735176901051645,0.5049640661724688,0.3416695714438861,0.4542478991235995,0.9213247800020263,neutral,S3_C3_WIN_CENTER,C3__NUKI__IN_REMAIN__INNER_TOP3,3,NUKI,IN_REMAIN,INNER_TOP3,False,True
2026-07-09_18_10,0.21452361971117312,0.5336109414625689,0.34903211505693454,0.4522497072729557,0.9301392498824973,neutral,S0_C1_ESCAPE_IN_WIN,C1__ESCAPE__IN_WIN__MIXED,1,ESCAPE,IN_WIN,MIXED,False,False
2026-07-09_18_11,0.3121233994800099,0.5063515406530255,0.383296435575467,0.4516046382738972,0.8869286787613064,attack_or_collapse,S0_C1_ESCAPE_IN_WIN,C1__ESCAPE__IN_WIN__INNER_CENTER,1,ESCAPE,IN_WIN,INNER_CENTER,False,False
2026-07-09_18_12,0.26887538238288483,0.5330973684210377,0.38831869340243064,0.4575195035724447,0.9059347941807954,attack_or_collapse,S3_C3_WIN_CENTER,C3__MAKURI__IN_REMAIN__INNER_TOP3,3,MAKURI,IN_REMAIN,INNER_TOP3,False,True
2026-07-09_20_01,0.26230534736328764,0.5097251277201169,0.3361148170774279,0.45579629463095406,0.9260200201675048,neutral,S1_C2_SASHI_IN_REMAIN,C2__SASHI__IN_REMAIN__INNER_TOP3,2,SASHI,IN_REMAIN,INNER_TOP3,False,True
2026-07-09_20_02,0.2682843243285696,0.5135431987368693,0.3365434083474538,0.45533100173999935,0.9469455989730201,upset_or_flat,S2_C2_WIN_IN_OUT,C2__SASHI__IN_OUT__OUTER_CHAIN,2,SASHI,IN_OUT,OUTER_CHAIN,True,False
2026-07-09_20_03,0.2513608930641144,0.5305360798633314,0.36566228775670406,0.4523944723231479,0.9395201263937818,upset_or_flat,S0_C1_ESCAPE_IN_WIN,C1__ESCAPE__IN_REMAIN__INNER_CENTER,1,ESCAPE,IN_REMAIN,INNER_CENTER,False,False
2026-07-09_20_04,0.24114460339884358,0.5427263335925055,0.374745192190334,0.4867556959306665,0.9534133998935393,attack_or_collapse,S0_C1_ESCAPE_IN_WIN,C1__ESCAPE__IN_WIN__INNER_CENTER,1,ESCAPE,IN_WIN,INNER_CENTER,False,False
2026-07-09_20_05,0.2731779625445167,0.5385058049394253,0.41809886746128394,0.47948681744517135,0.9158693352032206,attack_or_collapse,S0_C1_ESCAPE_IN_WIN,C1__ESCAPE__IN_WIN__INNER_TOP3,1,ESCAPE,IN_WIN,INNER_TOP3,False,True
2026-07-09_20_06,0.2393833177242718,0.5457077466245317,0.3985922234231377,0.4810847342931677,0.948865230006758,attack_or_collapse,S4_C4_WIN_KADO,C4__SASHI__IN_REMAIN__OUTER_CHAIN,4,SASHI,IN_REMAIN,OUTER_CHAIN,True,False
2026-07-09_20_07,0.2697643321425504,0.5213559736522827,0.37500772911745656,0.45174191555373516,0.9041789106035707,neutral,S5_OUTER_WIN_OR_CHAIN,C5__MAKURI_SASHI__IN_REMAIN__OUTER_CHAIN,5,MAKURI_SASHI,IN_REMAIN,OUTER_CHAIN,True,False
2026-07-09_20_08,0.32946875963627803,0.5021864488542995,0.3813029155104536,0.4564589001405028,0.9240296452336725,attack_or_collapse,S0_C1_ESCAPE_IN_WIN,C1__ESCAPE__IN_WIN__INNER_TOP3,1,ESCAPE,IN_WIN,INNER_TOP3,False,True
2026-07-09_20_09,0.2508466341357038,0.5127823117745234,0.3371095848295135,0.45440075081360565,0.9115140799753145,neutral,S5_OUTER_WIN_OR_CHAIN,C5__NUKI__IN_REMAIN__CENTER_OUTER,5,NUKI,IN_REMAIN,CENTER_OUTER,False,False
2026-07-09_20_10,0.30730839547470545,0.5159621939287304,0.4014888469956873,0.46235015896755816,0.9196708264128584,attack_or_collapse,S0_C1_ESCAPE_IN_WIN,C1__ESCAPE__IN_WIN__CENTER_OUTER,1,ESCAPE,IN_WIN,CENTER_OUTER,False,False
2026-07-09_20_11,0.33188223553439733,0.48150596036106547,0.34392707741989764,0.444419569000737,0.8917536992777523,stable_escape,S0_C1_ESCAPE_IN_WIN,C1__ESCAPE__IN_WIN__OUTER_CHAIN,1,ESCAPE,IN_WIN,OUTER_CHAIN,True,False
2026-07-09_20_12,0.27513163419632813,0.5248690539826311,0.3775634424611115,0.4573306295968021,0.8981024718649625,neutral,S0_C1_ESCAPE_IN_WIN,C1__ESCAPE__IN_WIN__CENTER_OUTER,1,ESCAPE,IN_WIN,CENTER_OUTER,False,False
2026-07-09_24_01,0.23518032048614607,0.5177962214880396,0.31673536812847747,0.4500088416951695,0.9096716393240809,neutral,S0_C1_ESCAPE_IN_WIN,C1__ESCAPE__IN_WIN__CENTER_OUTER,1,ESCAPE,IN_WIN,CENTER_OUTER,False,False
2026-07-09_24_02,0.23762628875175523,0.5483198072831852,0.37871273237792463,0.485932588009528,0.9444480853681981,attack_or_collapse,S0_C1_ESCAPE_IN_WIN,C1__ESCAPE__IN_WIN__INNER_TOP3,1,ESCAPE,IN_WIN,INNER_TOP3,False,True
2026-07-09_24_03,0.27329906724353265,0.5057752611639394,0.33135064965855804,0.43933075316970477,0.9024262839941044,neutral,S1_C2_SASHI_IN_REMAIN,C2__SASHI__IN_REMAIN__INNER_TOP3,2,SASHI,IN_REMAIN,INNER_TOP3,False,True
2026-07-09_24_04,0.27452537484148354,0.5205986383877621,0.36335806275201477,0.4665053448471195,0.9163763575161548,neutral,S0_C1_ESCAPE_IN_WIN,C1__ESCAPE__IN_WIN__MIXED,1,ESCAPE,IN_WIN,MIXED,False,False
2026-07-09_24_05,0.28428604816098063,0.5168538899106575,0.34806845023275484,0.4531367082439472,0.9089977973968817,neutral,S0_C1_ESCAPE_IN_WIN,C1__ESCAPE__IN_WIN__OUTER_CHAIN,1,ESCAPE,IN_WIN,OUTER_CHAIN,True,False
2026-07-09_24_06,0.2992987409945555,0.49094959219933837,0.32483313068497033,0.44155371574291064,0.8910487125940689,stable_escape,S0_C1_ESCAPE_IN_WIN,C1__ESCAPE__IN_WIN__INNER_TOP3,1,ESCAPE,IN_WIN,INNER_TOP3,False,True
2026-07-09_24_07,0.25909951793717995,0.5305418009318019,0.3503629932122308,0.44942478560090543,0.8996864804212718,neutral,S0_C1_ESCAPE_IN_WIN,C1__NUKI__IN_WIN__INNER_CENTER,1,NUKI,IN_WIN,INNER_CENTER,False,False
2026-07-09_24_08,0.3225656871012743,0.5011212626682691,0.38046524551055483,0.4437173602428441,0.9013937192958381,attack_or_collapse,S0_C1_ESCAPE_IN_WIN,C1__ESCAPE__IN_WIN__CENTER_OUTER,1,ESCAPE,IN_WIN,CENTER_OUTER,False,False
2026-07-09_24_09,0.21308684910291895,0.5367303852593002,0.35480663943359214,0.4759876245948218,0.9453535847334178,attack_or_collapse,S0_C1_ESCAPE_IN_WIN,C1__ESCAPE__IN_WIN__CENTER_OUTER,1,ESCAPE,IN_WIN,CENTER_OUTER,False,False
2026-07-09_24_10,0.331557519792769,0.5006885221185683,0.36912961191020943,0.4535358131326549,0.9065210107155225,stable_escape,S0_C1_ESCAPE_IN_WIN,C1__ESCAPE__IN_WIN__INNER_CENTER,1,ESCAPE,IN_WIN,INNER_CENTER,False,False
2026-07-09_24_11,0.24318699967031168,0.5314008879129682,0.3617088172335855,0.4678333832875036,0.9163044617786112,neutral,S4_C4_WIN_KADO,C4__MAKURI__IN_OUT__OUTER_CHAIN,4,MAKURI,IN_OUT,OUTER_CHAIN,True,False
2026-07-09_24_12,0.2859549274341158,0.4883422669781883,0.3059186982265445,0.44175145005602806,0.9025651525595635,neutral,S0_C1_ESCAPE_IN_WIN,C1__NUKI__IN_WIN__CENTER_OUTER,1,NUKI,IN_WIN,CENTER_OUTER,False,False
2026-07-10_02_01,0.22384786042675275,0.5339502477361537,0.35725657806800337,0.4619050777302549,0.922372669999355,neutral,S5_OUTER_WIN_OR_CHAIN,C5__MAKURI__IN_OUT__OUTER_CHAIN,5,MAKURI,IN_OUT,OUTER_CHAIN,True,False
2026-07-10_02_02,0.21201187039543815,0.5471631766696103,0.36921518975685075,0.4745276215499985,0.9450737069475578,attack_or_collapse,S1_C2_SASHI_IN_REMAIN,C2__SASHI__IN_REMAIN__INNER_CENTER,2,SASHI,IN_REMAIN,INNER_CENTER,False,False
2026-07-10_02_03,0.23308522277595378,0.5243273826629871,0.3352692966866877,0.4519566085405529,0.9235609029102851,neutral,S2_C2_WIN_IN_OUT,C2__MAKURI__IN_OUT__OUTER_CHAIN,2,MAKURI,IN_OUT,OUTER_CHAIN,True,False
2026-07-10_02_04,0.31205178598821715,0.5059373786223045,0.35560510990969035,0.44352163440319947,0.9269699506081022,stable_escape,S4_C4_WIN_KADO,C4__MAKURI_SASHI__IN_OUT__OUTER_CHAIN,4,MAKURI_SASHI,IN_OUT,OUTER_CHAIN,True,False
2026-07-10_02_05,0.1794995307148496,0.5622895295442225,0.3525630702640166,0.4828190488130187,0.9506759234026013,attack_or_collapse,S3_C3_WIN_CENTER,C3__MAKURI_SASHI__IN_OUT__OUTER_CHAIN,3,MAKURI_SASHI,IN_OUT,OUTER_CHAIN,True,False
2026-07-10_02_06,0.2938438758308658,0.5191265289963232,0.39564207882623453,0.4651361988290933,0.8994090760157777,attack_or_collapse,S0_C1_ESCAPE_IN_WIN,C1__ESCAPE__IN_WIN__OUTER_CHAIN,1,ESCAPE,IN_WIN,OUTER_CHAIN,True,False
2026-07-10_02_07,0.19331080227053307,0.5573932025794519,0.378153546262919,0.47360610703526934,0.9369945269137832,attack_or_collapse,S1_C2_SASHI_IN_REMAIN,C2__SASHI__IN_REMAIN__INNER_CENTER,2,SASHI,IN_REMAIN,INNER_CENTER,False,False
2026-07-10_02_08,0.22081132441433884,0.5483516558201403,0.3865079077354526,0.4703266800025542,0.9339611270159702,attack_or_collapse,S4_C4_WIN_KADO,C4__MAKURI_SASHI__IN_OUT__OUTER_CHAIN,4,MAKURI_SASHI,IN_OUT,OUTER_CHAIN,True,False
2026-07-10_02_09,0.3080586162833328,0.4917553091348009,0.35048816826302776,0.450808527433049,0.9176615799738117,stable_escape,S0_C1_ESCAPE_IN_WIN,C1__ESCAPE__IN_WIN__INNER_TOP3,1,ESCAPE,IN_WIN,INNER_TOP3,False,True
2026-07-10_02_10,0.27465795655331143,0.5211497774227503,0.3658668703447956,0.453290288171214,0.9330143546951404,neutral,S3_C3_WIN_CENTER,C3__MAKURI__IN_REMAIN__INNER_TOP3,3,MAKURI,IN_REMAIN,INNER_TOP3,False,True
2026-07-10_02_11,0.29108821885473524,0.5137070981896501,0.38046509739509304,0.45521219726591416,0.9029581101195482,attack_or_collapse,S0_C1_ESCAPE_IN_WIN,C1__ESCAPE__IN_WIN__MIXED,1,ESCAPE,IN_WIN,MIXED,False,False
2026-07-10_02_12,0.31624628416332157,0.49681239077415,0.35724986583636065,0.46032071908417893,0.9104073207251068,stable_escape,S0_C1_ESCAPE_IN_WIN,C1__ESCAPE__IN_WIN__INNER_TOP3,1,ESCAPE,IN_WIN,INNER_TOP3,False,True
2026-07-10_06_01,0.285256288372627,0.5213177600419062,0.38246126190341634,0.4787098035402291,0.9502521405496623,attack_or_collapse,S4_C4_WIN_KADO,C4__SASHI__IN_OUT__OUTER_CHAIN,4,SASHI,IN_OUT,OUTER_CHAIN,True,False
2026-07-10_06_02,0.2766689558385295,0.5232472760586617,0.38506717339854085,0.4691970727038449,0.9527441887718555,attack_or_collapse,S5_OUTER_WIN_OR_CHAIN,C5__NUKI__IN_REMAIN__OUTER_CHAIN,5,NUKI,IN_REMAIN,OUTER_CHAIN,True,False
2026-07-10_06_03,0.2843213784567127,0.5307676073999816,0.41189663554166556,0.47058121328666147,0.8999158600420156,attack_or_collapse,S0_C1_ESCAPE_IN_WIN,C1__ESCAPE__IN_WIN__INNER_TOP3,1,ESCAPE,IN_WIN,INNER_TOP3,False,True
2026-07-10_06_04,0.28548319243111364,0.5074278395024701,0.34977365355621604,0.4599956871798381,0.9411322043644182,upset_or_flat,S0_C1_ESCAPE_IN_WIN,C1__ESCAPE__IN_WIN__INNER_TOP3,1,ESCAPE,IN_WIN,INNER_TOP3,False,True
2026-07-10_06_05,0.3182895301890682,0.4959158183971863,0.3657901650995692,0.44812195756913575,0.9245204832990563,stable_escape,S0_C1_ESCAPE_IN_WIN,C1__ESCAPE__IN_WIN__CENTER_OUTER,1,ESCAPE,IN_WIN,CENTER_OUTER,False,False
2026-07-10_06_06,0.25778247060825077,0.5130463985465155,0.34356744598687206,0.4523685608069571,0.9471694979159676,upset_or_flat,S0_C1_ESCAPE_IN_WIN,C1__ESCAPE__IN_WIN__OUTER_CHAIN,1,ESCAPE,IN_WIN,OUTER_CHAIN,True,False
2026-07-10_06_07,0.27556679785429083,0.5112770045189754,0.3533738220904312,0.4616199431211175,0.9231570057382111,neutral,S0_C1_ESCAPE_IN_WIN,C1__NUKI__IN_WIN__MIXED,1,NUKI,IN_WIN,MIXED,False,False
2026-07-10_06_08,0.21516812134671298,0.5417352739202326,0.36112406894329674,0.466083698297709,0.9444708055922109,attack_or_collapse,S4_C4_WIN_KADO,C4__MAKURI__IN_OUT__OUTER_CHAIN,4,MAKURI,IN_OUT,OUTER_CHAIN,True,False
2026-07-10_06_09,0.273097539802324,0.5124450612292688,0.34276662801847657,0.4551062794486493,0.9285835948069354,neutral,S3_C3_WIN_CENTER,C3__MAKURI_SASHI__IN_REMAIN__INNER_TOP3,3,MAKURI_SASHI,IN_REMAIN,INNER_TOP3,False,True
2026-07-10_06_10,0.27104831838273064,0.5325450879635096,0.38977147519246014,0.466418616960453,0.9152619284977147,attack_or_collapse,S5_OUTER_WIN_OR_CHAIN,C5__MAKURI_SASHI__IN_REMAIN__CENTER_OUTER,5,MAKURI_SASHI,IN_REMAIN,CENTER_OUTER,False,False
2026-07-10_06_11,0.2808866997059073,0.5025425884190562,0.33696225426338355,0.449848591586447,0.9037211191969868,neutral,S0_C1_ESCAPE_IN_WIN,C1__ESCAPE__IN_WIN__INNER_CENTER,1,ESCAPE,IN_WIN,INNER_CENTER,False,False
2026-07-10_06_12,0.2800719338246952,0.5092735343173622,0.3588890732669563,0.44658641923527886,0.9067992941839713,neutral,S5_OUTER_WIN_OR_CHAIN,C5__MAKURI__IN_OUT__CENTER_OUTER,5,MAKURI,IN_OUT,CENTER_OUTER,False,False
2026-07-10_08_01,0.23315802710629227,0.5459254030886267,0.369261340803933,0.4586683017405161,0.9021971259013772,attack_or_collapse,S4_C4_WIN_KADO,C4__MAKURI__IN_REMAIN__OUTER_CHAIN,4,MAKURI,IN_REMAIN,OUTER_CHAIN,True,False
2026-07-10_08_02,0.25622394080764765,0.5234771454684419,0.34293568674428704,0.46922415029716447,0.9553855369070682,upset_or_flat,S1_C2_SASHI_IN_REMAIN,C2__SASHI__IN_REMAIN__MIXED,2,SASHI,IN_REMAIN,MIXED,False,False
2026-07-10_08_03,0.3038011201090417,0.5031250253623171,0.34742348979681037,0.4574075110048447,0.9379092755181434,stable_escape,S0_C1_ESCAPE_IN_WIN,C1__ESCAPE__IN_WIN__CENTER_OUTER,1,ESCAPE,IN_WIN,CENTER_OUTER,False,False
2026-07-10_08_04,0.2832883162080736,0.49986752667121814,0.3406268402560756,0.46068873070945093,0.9397549220624221,upset_or_flat,S3_C3_WIN_CENTER,C3__MAKURI__IN_OUT__OUTER_CHAIN,3,MAKURI,IN_OUT,OUTER_CHAIN,True,False
2026-07-10_08_05,0.27600895298747785,0.5279346967558549,0.38171290681232406,0.45175194320648737,0.891177537949348,attack_or_collapse,S0_C1_ESCAPE_IN_WIN,C1__ESCAPE__IN_WIN__CENTER_OUTER,1,ESCAPE,IN_WIN,CENTER_OUTER,False,False
2026-07-10_08_06,0.2966240575532415,0.5015469554519341,0.32087520053026786,0.4448702973100225,0.9010878820435921,stable_escape,S0_C1_ESCAPE_IN_WIN,C1__ESCAPE__IN_WIN__CENTER_OUTER,1,ESCAPE,IN_WIN,CENTER_OUTER,False,False
2026-07-10_08_07,0.27226421667310946,0.5203526949779038,0.37596126667863017,0.45846522306921944,0.9146941421974767,neutral,S5_OUTER_WIN_OR_CHAIN,C5__MAKURI_SASHI__IN_OUT__OUTER_CHAIN,5,MAKURI_SASHI,IN_OUT,OUTER_CHAIN,True,False
2026-07-10_08_08,0.2330507511556767,0.5386474987856066,0.349240121567203,0.4562706434674746,0.9527020099070078,attack_or_collapse,S0_C1_ESCAPE_IN_WIN,C1__ESCAPE__IN_WIN__INNER_TOP3,1,ESCAPE,IN_WIN,INNER_TOP3,False,True
2026-07-10_08_09,0.24092744444048833,0.5461991056041888,0.39961939755776055,0.47338191712528055,0.9241969244081141,attack_or_collapse,S0_C1_ESCAPE_IN_WIN,C1__ESCAPE__IN_WIN__INNER_CENTER,1,ESCAPE,IN_WIN,INNER_CENTER,False,False
2026-07-10_08_10,0.21749718051957914,0.5717570987834981,0.431896073731311,0.4972660906501837,0.9333077868254835,attack_or_collapse,S0_C1_ESCAPE_IN_WIN,C1__ESCAPE__IN_WIN__CENTER_OUTER,1,ESCAPE,IN_WIN,CENTER_OUTER,False,False
2026-07-10_08_11,0.288728446865685,0.5168269528469253,0.38427843871047557,0.46350680889693335,0.9000889022759885,attack_or_collapse,S0_C1_ESCAPE_IN_WIN,C1__ESCAPE__IN_WIN__MIXED,1,ESCAPE,IN_WIN,MIXED,False,False
2026-07-10_08_12,0.30097579071951236,0.502851563419532,0.35363051673571155,0.43889896237401155,0.9137521125827578,stable_escape,S0_C1_ESCAPE_IN_WIN,C1__ESCAPE__IN_WIN__INNER_TOP3,1,ESCAPE,IN_WIN,INNER_TOP3,False,True
2026-07-10_09_01,0.2836274260883153,0.5089551340143887,0.3466482389026152,0.4496855313281636,0.9064152944833149,neutral,S0_C1_ESCAPE_IN_WIN,C1__ESCAPE__IN_WIN__INNER_CENTER,1,ESCAPE,IN_WIN,INNER_CENTER,False,False
2026-07-10_09_02,0.28546771923101216,0.4917823492785992,0.3191724076169178,0.44243829776823707,0.9253011419987416,neutral,S1_C2_SASHI_IN_REMAIN,C2__SASHI__IN_REMAIN__INNER_CENTER,2,SASHI,IN_REMAIN,INNER_CENTER,False,False
2026-07-10_09_03,0.297096434270333,0.5048912883521588,0.36781209839498247,0.447500340805308,0.93752735432372,stable_escape,S0_C1_ESCAPE_IN_WIN,C1__ESCAPE__IN_WIN__INNER_CENTER,1,ESCAPE,IN_WIN,INNER_CENTER,False,False
2026-07-10_09_04,0.20702891790202527,0.5635547098989921,0.4017046861266385,0.5016907358957926,0.9520294683243022,attack_or_collapse,S4_C4_WIN_KADO,C4__SASHI__IN_REMAIN__INNER_CENTER,4,SASHI,IN_REMAIN,INNER_CENTER,False,False
2026-07-10_09_05,0.28951528146444294,0.503166490470386,0.3427191035718036,0.43886919922969464,0.9027240173161459,neutral,S0_C1_ESCAPE_IN_WIN,C1__ESCAPE__IN_WIN__INNER_TOP3,1,ESCAPE,IN_WIN,INNER_TOP3,False,True
2026-07-10_09_06,0.2624755890391643,0.5340917476755584,0.39522359241736665,0.47380776217191894,0.9445037054860678,attack_or_collapse,S0_C1_ESCAPE_IN_WIN,C1__NUKI__IN_WIN__CENTER_OUTER,1,NUKI,IN_WIN,CENTER_OUTER,False,False
2026-07-10_09_07,0.25134753321125664,0.5241241177973477,0.35007592166070245,0.4635322021591726,0.9474937771754824,upset_or_flat,S5_OUTER_WIN_OR_CHAIN,C5__MAKURI_SASHI__IN_REMAIN__CENTER_OUTER,5,MAKURI_SASHI,IN_REMAIN,CENTER_OUTER,False,False
2026-07-10_09_08,0.26365498427890016,0.5445644879654459,0.4108483953136097,0.48700135141288614,0.938109813036482,attack_or_collapse,S5_OUTER_WIN_OR_CHAIN,C5__MAKURI_SASHI__IN_OUT__OUTER_CHAIN,5,MAKURI_SASHI,IN_OUT,OUTER_CHAIN,True,False
2026-07-10_09_09,0.31003014314466615,0.47945209949275247,0.30977062466898675,0.43188045560774135,0.898896691720533,stable_escape,S0_C1_ESCAPE_IN_WIN,C1__ESCAPE__IN_WIN__MIXED,1,ESCAPE,IN_WIN,MIXED,False,False
2026-07-10_09_10,0.22375542294083647,0.5498844275708188,0.37753772627335935,0.4820797525776323,0.9455814077445406,attack_or_collapse,S4_C4_WIN_KADO,C4__MAKURI_SASHI__IN_OUT__CENTER_OUTER,4,MAKURI_SASHI,IN_OUT,CENTER_OUTER,False,False
2026-07-10_09_11,0.30767385328171487,0.49449451863430793,0.35232073897760896,0.4507330161976747,0.9107112468825476,stable_escape,S0_C1_ESCAPE_IN_WIN,C1__ESCAPE__IN_WIN__MIXED,1,ESCAPE,IN_WIN,MIXED,False,False
2026-07-10_09_12,0.32171955155905174,0.4975398127758351,0.3666754301911682,0.45758467975102346,0.8966774909306858,stable_escape,S0_C1_ESCAPE_IN_WIN,C1__ESCAPE__IN_WIN__INNER_TOP3,1,ESCAPE,IN_WIN,INNER_TOP3,False,True
2026-07-10_10_01,0.29766797697790537,0.5000970842498275,0.3471616518251242,0.44209371159324345,0.8888300695805956,stable_escape,S0_C1_ESCAPE_IN_WIN,C1__ESCAPE__IN_WIN__OUTER_CHAIN,1,ESCAPE,IN_WIN,OUTER_CHAIN,True,False
2026-07-10_10_02,0.2326217980683663,0.5523956832905537,0.39148901453408674,0.48963470348195004,0.9421717760804736,attack_or_collapse,S0_C1_ESCAPE_IN_WIN,C1__ESCAPE__IN_WIN__MIXED,1,ESCAPE,IN_WIN,MIXED,False,False
2026-07-10_10_03,0.2379011048111798,0.5407380434056277,0.38659398774603193,0.47191134970193005,0.9429360668031608,attack_or_collapse,S0_C1_ESCAPE_IN_WIN,C1__ESCAPE__IN_WIN__OUTER_CHAIN,1,ESCAPE,IN_WIN,OUTER_CHAIN,True,False
2026-07-10_10_04,0.27024871173954357,0.5332228293929326,0.3996050294669673,0.46412938208744814,0.9014291236485475,attack_or_collapse,S0_C1_ESCAPE_IN_WIN,C1__ESCAPE__IN_WIN__INNER_TOP3,1,ESCAPE,IN_WIN,INNER_TOP3,False,True
2026-07-10_10_05,0.16919150316038506,0.548974930534405,0.3491523352325961,0.47627920359228026,0.9478846659051808,attack_or_collapse,S4_C4_WIN_KADO,C4__MAKURI_SASHI__IN_OUT__OUTER_CHAIN,4,MAKURI_SASHI,IN_OUT,OUTER_CHAIN,True,False
2026-07-10_10_06,0.24479447720303293,0.5164573094255471,0.32872088253663223,0.4477721816042829,0.932561843575507,neutral,S3_C3_WIN_CENTER,C3__MAKURI_SASHI__IN_OUT__OUTER_CHAIN,3,MAKURI_SASHI,IN_OUT,OUTER_CHAIN,True,False
2026-07-10_10_07,0.250350694237156,0.5232649506972391,0.3510514399649354,0.4468383507428171,0.9524774766316977,upset_or_flat,S1_C2_SASHI_IN_REMAIN,C2__SASHI__IN_REMAIN__MIXED,2,SASHI,IN_REMAIN,MIXED,False,False
2026-07-10_10_08,0.21210921374349964,0.533797847345115,0.3741844063152745,0.4690511120018897,0.9308027844087503,neutral,S3_C3_WIN_CENTER,C3__MAKURI__IN_OUT__CENTER_OUTER,3,MAKURI,IN_OUT,CENTER_OUTER,False,False
2026-07-10_10_09,0.18474545804754838,0.5809821044825061,0.39343742417342975,0.46493987079261195,0.9205582437494273,attack_or_collapse,S1_C2_SASHI_IN_REMAIN,C2__SASHI__IN_REMAIN__MIXED,2,SASHI,IN_REMAIN,MIXED,False,False
2026-07-10_10_10,0.2159248512602584,0.5332442123966757,0.32618104453878843,0.46591312906995663,0.9505920571037965,upset_or_flat,S1_C2_SASHI_IN_REMAIN,C2__SASHI__IN_REMAIN__MIXED,2,SASHI,IN_REMAIN,MIXED,False,False
2026-07-10_10_11,0.21336287623657135,0.5599227524262673,0.3886609230217484,0.483367348981748,0.9491970973435403,attack_or_collapse,S5_OUTER_WIN_OR_CHAIN,C6__SASHI__IN_OUT__OUTER_CHAIN,6,SASHI,IN_OUT,OUTER_CHAIN,True,False
2026-07-10_10_12,0.3222699629064574,0.48780800888940556,0.35677508506431066,0.4390651770898141,0.908233871949605,stable_escape,S0_C1_ESCAPE_IN_WIN,C1__ESCAPE__IN_WIN__INNER_TOP3,1,ESCAPE,IN_WIN,INNER_TOP3,False,True
2026-07-10_11_01,0.23939426791997875,0.5442629329754493,0.3760428745586363,0.4815728957768703,0.9401025444175197,attack_or_collapse,S1_C2_SASHI_IN_REMAIN,C2__SASHI__IN_REMAIN__INNER_CENTER,2,SASHI,IN_REMAIN,INNER_CENTER,False,False
2026-07-10_11_02,0.17664637385887508,0.5721387642268474,0.39149234452646875,0.49668979713175704,0.9481250785037558,attack_or_collapse,S0_C1_ESCAPE_IN_WIN,C1__ESCAPE__IN_WIN__CENTER_OUTER,1,ESCAPE,IN_WIN,CENTER_OUTER,False,False
2026-07-10_11_03,0.2528544133415703,0.5073781454132926,0.3143574491198006,0.4502883086148093,0.9496850269631127,upset_or_flat,S4_C4_WIN_KADO,C4__SASHI__IN_OUT__OUTER_CHAIN,4,SASHI,IN_OUT,OUTER_CHAIN,True,False
2026-07-10_11_04,0.26631530886228827,0.5290697804390718,0.37633130151261285,0.4599730659299127,0.9454151817238384,upset_or_flat,S2_C2_WIN_IN_OUT,C2__SASHI__IN_OUT__CENTER_OUTER,2,SASHI,IN_OUT,CENTER_OUTER,False,False
2026-07-10_11_05,0.20196554736316946,0.5671690464832393,0.4064948423159127,0.4953502741023754,0.9245533386861845,attack_or_collapse,S4_C4_WIN_KADO,C4__MAKURI_SASHI__IN_REMAIN__CENTER_OUTER,4,MAKURI_SASHI,IN_REMAIN,CENTER_OUTER,False,False
2026-07-10_11_06,0.20996038976758627,0.5711545279482726,0.42351979261899386,0.4936346579807369,0.9497126621304561,attack_or_collapse,S2_C2_WIN_IN_OUT,C2__MAKURI__IN_OUT__CENTER_OUTER,2,MAKURI,IN_OUT,CENTER_OUTER,False,False
2026-07-10_11_07,0.2442765625275318,0.5406544870565488,0.38062070898126776,0.4694373115689799,0.9335905733863897,attack_or_collapse,S3_C3_WIN_CENTER,C3__MAKURI_SASHI__IN_REMAIN__CENTER_OUTER,3,MAKURI_SASHI,IN_REMAIN,CENTER_OUTER,False,False
2026-07-10_11_08,0.28505959900105743,0.500352341352412,0.3290290012393782,0.43629780519510486,0.9231788192614795,neutral,S0_C1_ESCAPE_IN_WIN,C1__ESCAPE__IN_WIN__INNER_TOP3,1,ESCAPE,IN_WIN,INNER_TOP3,False,True
2026-07-10_11_09,0.3414428026918342,0.4773192784608388,0.34285338710836866,0.4309703693241874,0.889638760850221,stable_escape,S0_C1_ESCAPE_IN_WIN,C1__ESCAPE__IN_WIN__INNER_CENTER,1,ESCAPE,IN_WIN,INNER_CENTER,False,False
2026-07-10_11_10,0.31247485781343637,0.4851139566776744,0.32625621672587374,0.4302675878532255,0.8962166860672671,stable_escape,S1_C2_SASHI_IN_REMAIN,C2__SASHI__IN_REMAIN__INNER_TOP3,2,SASHI,IN_REMAIN,INNER_TOP3,False,True
2026-07-10_11_11,0.3217644347851541,0.48693103007363314,0.33780791104140906,0.4458532304295373,0.9103434248199815,stable_escape,S0_C1_ESCAPE_IN_WIN,C1__ESCAPE__IN_WIN__OUTER_CHAIN,1,ESCAPE,IN_WIN,OUTER_CHAIN,True,False
2026-07-10_11_12,0.27390383732073814,0.5282716686168546,0.39549712887423744,0.46182631194838114,0.914273161521791,attack_or_collapse,S5_OUTER_WIN_OR_CHAIN,C5__SASHI__IN_OUT__CENTER_OUTER,5,SASHI,IN_OUT,CENTER_OUTER,False,False
2026-07-10_14_01,0.31380940112747047,0.5220252108349701,0.4239713623592762,0.4741493812998675,0.8915141589498254,attack_or_collapse,S0_C1_ESCAPE_IN_WIN,C1__ESCAPE__IN_WIN__OUTER_CHAIN,1,ESCAPE,IN_WIN,OUTER_CHAIN,True,False
2026-07-10_14_02,0.2909028945559306,0.5140705605922258,0.3709745893759929,0.46431783961866085,0.9430018944800063,upset_or_flat,S3_C3_WIN_CENTER,C3__MAKURI_SASHI__IN_OUT__CENTER_OUTER,3,MAKURI_SASHI,IN_OUT,CENTER_OUTER,False,False
2026-07-10_14_03,0.2987251275039229,0.5092786689771063,0.36349700823980124,0.43743279641203864,0.9128112347090622,stable_escape,S0_C1_ESCAPE_IN_WIN,C1__ESCAPE__IN_WIN__INNER_TOP3,1,ESCAPE,IN_WIN,INNER_TOP3,False,True
2026-07-10_14_04,0.23864795058205465,0.5430312647897082,0.36134524546081187,0.46964231338058615,0.9320689539233566,attack_or_collapse,S0_C1_ESCAPE_IN_WIN,C1__ESCAPE__IN_WIN__INNER_TOP3,1,ESCAPE,IN_WIN,INNER_TOP3,False,True
2026-07-10_14_05,0.2766289206948636,0.5258048892454836,0.3808052272230915,0.4537047557079479,0.9422667920660973,attack_or_collapse,S0_C1_ESCAPE_IN_WIN,C1__ESCAPE__IN_WIN__INNER_TOP3,1,ESCAPE,IN_WIN,INNER_TOP3,False,True
2026-07-10_14_06,0.22990705271809958,0.5468254786285596,0.3794121398035659,0.4792978150473841,0.9473738750026742,attack_or_collapse,S4_C4_WIN_KADO,C4__SASHI__IN_OUT__OUTER_CHAIN,4,SASHI,IN_OUT,OUTER_CHAIN,True,False
2026-07-10_14_07,0.2984797415650447,0.525006200366734,0.41377706978748907,0.4737662451231755,0.9464814829874195,attack_or_collapse,S4_C4_WIN_KADO,C4__MAKURI__IN_REMAIN__INNER_CENTER,4,MAKURI,IN_REMAIN,INNER_CENTER,False,False
2026-07-10_14_08,0.2816770450053847,0.5007327828725989,0.3115178496256338,0.43055059542881335,0.9418678617326928,upset_or_flat,S0_C1_ESCAPE_IN_WIN,C1__ESCAPE__IN_WIN__MIXED,1,ESCAPE,IN_WIN,MIXED,False,False
2026-07-10_14_09,0.22718652069720927,0.55207089492559,0.3875908307615049,0.4837959785588351,0.941894522278242,attack_or_collapse,S0_C1_ESCAPE_IN_WIN,C1__ESCAPE__IN_WIN__CENTER_OUTER,1,ESCAPE,IN_WIN,CENTER_OUTER,False,False
2026-07-10_14_10,0.19394310142273993,0.5540622302628719,0.3418740471512962,0.46920608456273455,0.9517686848406202,attack_or_collapse,S4_C4_WIN_KADO,C4__MAKURI__IN_OUT__OUTER_CHAIN,4,MAKURI,IN_OUT,OUTER_CHAIN,True,False
2026-07-10_14_11,0.3289558257760837,0.4961580400709971,0.3473388184970819,0.44832930694314366,0.9239562770275513,stable_escape,S0_C1_ESCAPE_IN_WIN,C1__ESCAPE__IN_WIN__INNER_TOP3,1,ESCAPE,IN_WIN,INNER_TOP3,False,True
2026-07-10_14_12,0.305871749286193,0.4855157448864085,0.32415958489376817,0.4347094848074713,0.8926233217969676,stable_escape,S0_C1_ESCAPE_IN_WIN,C1__ESCAPE__IN_WIN__INNER_CENTER,1,ESCAPE,IN_WIN,INNER_CENTER,False,False
2026-07-10_15_01,0.22529414350570323,0.5506272519653057,0.366134339755958,0.4741918706277656,0.9518186224769573,attack_or_collapse,S2_C2_WIN_IN_OUT,C2__MAKURI__IN_OUT__CENTER_OUTER,2,MAKURI,IN_OUT,CENTER_OUTER,False,False
2026-07-10_15_02,0.23470682829556197,0.5525521748654332,0.3807129943669515,0.46283624639719245,0.9443967666538297,attack_or_collapse,S1_C2_SASHI_IN_REMAIN,C2__SASHI__IN_REMAIN__INNER_CENTER,2,SASHI,IN_REMAIN,INNER_CENTER,False,False
2026-07-10_15_03,0.2545346619806062,0.5179313749399544,0.34083806740615197,0.4682908815544832,0.9474712745050762,upset_or_flat,S4_C4_WIN_KADO,C4__MAKURI_SASHI__IN_OUT__OUTER_CHAIN,4,MAKURI_SASHI,IN_OUT,OUTER_CHAIN,True,False
2026-07-10_15_04,0.2767784808343671,0.5067215061932968,0.3473529994071124,0.4658122235943734,0.9488625144648871,upset_or_flat,S4_C4_WIN_KADO,C4__MAKURI_SASHI__IN_OUT__CENTER_OUTER,4,MAKURI_SASHI,IN_OUT,CENTER_OUTER,False,False
2026-07-10_15_05,0.22444651048649134,0.5480259796499524,0.3779874889950995,0.4810255551961901,0.953277531127144,attack_or_collapse,S0_C1_ESCAPE_IN_WIN,C1__ESCAPE__IN_WIN__CENTER_OUTER,1,ESCAPE,IN_WIN,CENTER_OUTER,False,False
2026-07-10_15_06,0.28952001530618454,0.49294918122629433,0.31444969706671555,0.44288360881133365,0.9204715020579097,neutral,S0_C1_ESCAPE_IN_WIN,C1__NUKI__IN_WIN__CENTER_OUTER,1,NUKI,IN_WIN,CENTER_OUTER,False,False
2026-07-10_15_07,0.28280176388432554,0.5090983543941372,0.3287705618017502,0.45832710332036486,0.9449274173231678,upset_or_flat,S3_C3_WIN_CENTER,C3__MAKURI_SASHI__IN_REMAIN__CENTER_OUTER,3,MAKURI_SASHI,IN_REMAIN,CENTER_OUTER,False,False
2026-07-10_15_08,0.28299305926038115,0.5361081761873441,0.4253222901384142,0.48683232446059116,0.9068738749012843,attack_or_collapse,S0_C1_ESCAPE_IN_WIN,C1__ESCAPE__IN_WIN__MIXED,1,ESCAPE,IN_WIN,MIXED,False,False
2026-07-10_15_09,0.31862770153832554,0.4970910889202031,0.3355483594705135,0.44860999540649743,0.9333778577869201,stable_escape,S0_C1_ESCAPE_IN_WIN,C1__ESCAPE__IN_WIN__CENTER_OUTER,1,ESCAPE,IN_WIN,CENTER_OUTER,False,False
2026-07-10_15_10,0.23087955370698524,0.5535162001207055,0.4036337636235,0.47660660153875434,0.9076108487793215,attack_or_collapse,S0_C1_ESCAPE_IN_WIN,C1__ESCAPE__IN_WIN__INNER_TOP3,1,ESCAPE,IN_WIN,INNER_TOP3,False,True
2026-07-10_15_11,0.22038262817010273,0.5490360071532645,0.3888734657407257,0.47154874077904385,0.9007065295516027,attack_or_collapse,S0_C1_ESCAPE_IN_WIN,C1__ESCAPE__IN_WIN__MIXED,1,ESCAPE,IN_WIN,MIXED,False,False
2026-07-10_15_12,0.2721882867347048,0.5041350216996867,0.3250930027510426,0.4468110348900296,0.8996988394734031,neutral,S0_C1_ESCAPE_IN_WIN,C1__ESCAPE__IN_WIN__INNER_CENTER,1,ESCAPE,IN_WIN,INNER_CENTER,False,False
2026-07-10_16_01,0.31474760822490216,0.4784630548874935,0.33072405323394194,0.4384635023598883,0.885589977184148,stable_escape,S5_OUTER_WIN_OR_CHAIN,C5__MAKURI__IN_REMAIN__MIXED,5,MAKURI,IN_REMAIN,MIXED,False,False
2026-07-10_16_02,0.2848369935706275,0.5247417383474557,0.39750927587454593,0.4766451637549315,0.9106879932273834,attack_or_collapse,S4_C4_WIN_KADO,C4__MAKURI__IN_OUT__OUTER_CHAIN,4,MAKURI,IN_OUT,OUTER_CHAIN,True,False
2026-07-10_16_03,0.2654936367655983,0.5218430226526224,0.3728098150361709,0.4532285377533206,0.9515407587424943,upset_or_flat,S0_C1_ESCAPE_IN_WIN,C1__ESCAPE__IN_WIN__INNER_TOP3,1,ESCAPE,IN_WIN,INNER_TOP3,False,True
2026-07-10_16_04,0.193506318860339,0.5604997796786702,0.38274222146158055,0.4760630084771438,0.9426286432546656,attack_or_collapse,S0_C1_ESCAPE_IN_WIN,C1__ESCAPE__IN_WIN__INNER_CENTER,1,ESCAPE,IN_WIN,INNER_CENTER,False,False
2026-07-10_16_05,0.20579673402771922,0.5580408209152355,0.39178168569799504,0.4846567412758581,0.9283278816579064,attack_or_collapse,S5_OUTER_WIN_OR_CHAIN,C5__NUKI__IN_OUT__CENTER_OUTER,5,NUKI,IN_OUT,CENTER_OUTER,False,False
2026-07-10_16_06,0.220105485639924,0.5610011902135295,0.41191129809566246,0.4901621959991196,0.9461170665414085,attack_or_collapse,S0_C1_ESCAPE_IN_WIN,C1__ESCAPE__IN_WIN__MIXED,1,ESCAPE,IN_WIN,MIXED,False,False
2026-07-10_16_07,0.29732123626701423,0.5188343834247726,0.3854221208385874,0.4538621792627261,0.9169195876243806,attack_or_collapse,S3_C3_WIN_CENTER,C3__NUKI__IN_REMAIN__INNER_TOP3,3,NUKI,IN_REMAIN,INNER_TOP3,False,True
2026-07-10_16_08,0.30934287618848944,0.481493295480358,0.3024442864918133,0.4279580655089561,0.8974225888948711,stable_escape,S0_C1_ESCAPE_IN_WIN,C1__ESCAPE__IN_WIN__INNER_TOP3,1,ESCAPE,IN_WIN,INNER_TOP3,False,True
2026-07-10_16_09,0.2795118627111828,0.5041352431570058,0.3429424002359961,0.45252211606545034,0.9241798055941802,neutral,S0_C1_ESCAPE_IN_WIN,C1__ESCAPE__IN_WIN__INNER_CENTER,1,ESCAPE,IN_WIN,INNER_CENTER,False,False
2026-07-10_16_10,0.287459785204252,0.5180978719277334,0.3544179274232404,0.4610003739274311,0.9202061835669919,neutral,S0_C1_ESCAPE_IN_WIN,C1__ESCAPE__IN_WIN__OUTER_CHAIN,1,ESCAPE,IN_WIN,OUTER_CHAIN,True,False
2026-07-10_16_11,0.27163780422264566,0.5056146789920248,0.315745520463779,0.4404244845639844,0.906016527061754,neutral,S0_C1_ESCAPE_IN_WIN,C1__ESCAPE__IN_WIN__INNER_TOP3,1,ESCAPE,IN_WIN,INNER_TOP3,False,True
2026-07-10_16_12,0.310647316431485,0.5015077154610419,0.3534421044661658,0.4585856729075872,0.9359472302620331,stable_escape,S0_C1_ESCAPE_IN_WIN,C1__NUKI__IN_OUT__OUTER_CHAIN,1,NUKI,IN_OUT,OUTER_CHAIN,True,False
2026-07-10_19_01,0.24727796718786602,0.531941856654824,0.3747556846968554,0.4761126679065808,0.9393929102384543,upset_or_flat,S3_C3_WIN_CENTER,C3__MAKURI__IN_OUT__CENTER_OUTER,3,MAKURI,IN_OUT,CENTER_OUTER,False,False
2026-07-10_19_02,0.32675003708095457,0.47471217572513086,0.329763826451825,0.42764742643118847,0.9282769698316098,stable_escape,S0_C1_ESCAPE_IN_WIN,C1__NUKI__IN_WIN__INNER_TOP3,1,NUKI,IN_WIN,INNER_TOP3,False,True
2026-07-10_19_03,0.2653187008498262,0.5304780494917944,0.38883616036703217,0.4823242750387259,0.9282011160251903,attack_or_collapse,S4_C4_WIN_KADO,C4__MAKURI_SASHI__IN_REMAIN__CENTER_OUTER,4,MAKURI_SASHI,IN_REMAIN,CENTER_OUTER,False,False
2026-07-10_19_04,0.2150315735095678,0.5301613673846362,0.3657495605415431,0.4684382814922794,0.9496135721043408,upset_or_flat,S5_OUTER_WIN_OR_CHAIN,C5__MAKURI_SASHI__IN_REMAIN__CENTER_OUTER,5,MAKURI_SASHI,IN_REMAIN,CENTER_OUTER,False,False
2026-07-10_19_05,0.2944042775929269,0.5125922570335044,0.37569401782675343,0.4457166014253079,0.904756038613653,stable_escape,S0_C1_ESCAPE_IN_WIN,C1__ESCAPE__IN_WIN__OUTER_CHAIN,1,ESCAPE,IN_WIN,OUTER_CHAIN,True,False
2026-07-10_19_06,0.3188891500128492,0.49392398135987997,0.33360828690822086,0.44453367099503494,0.8991982875169284,stable_escape,S0_C1_ESCAPE_IN_WIN,C1__ESCAPE__IN_WIN__MIXED,1,ESCAPE,IN_WIN,MIXED,False,False
2026-07-10_19_07,0.23996801672449836,0.5392855162331376,0.3702029062201543,0.46146069121603994,0.9328164505291261,attack_or_collapse,S0_C1_ESCAPE_IN_WIN,C1__ESCAPE__IN_WIN__INNER_CENTER,1,ESCAPE,IN_WIN,INNER_CENTER,False,False
2026-07-10_19_08,0.29577802096241623,0.5110666707668511,0.37585083856050944,0.44399511094823063,0.9007886654414645,stable_escape,S5_OUTER_WIN_OR_CHAIN,C5__MAKURI_SASHI__IN_REMAIN__OUTER_CHAIN,5,MAKURI_SASHI,IN_REMAIN,OUTER_CHAIN,True,False
2026-07-10_19_09,0.24282001477452955,0.5527325198950699,0.40515087582855214,0.47756074890473005,0.9076429905044391,attack_or_collapse,S0_C1_ESCAPE_IN_WIN,C1__ESCAPE__IN_WIN__OUTER_CHAIN,1,ESCAPE,IN_WIN,OUTER_CHAIN,True,False
2026-07-10_19_10,0.20951446989102626,0.5240492734178213,0.31147566679586336,0.455119622434241,0.940220592872185,upset_or_flat,S0_C1_ESCAPE_IN_WIN,C1__NUKI__IN_WIN__CENTER_OUTER,1,NUKI,IN_WIN,CENTER_OUTER,False,False
2026-07-10_19_11,0.2858760664496242,0.5119205612727358,0.3708884563980551,0.4501648340956561,0.9023967633313541,neutral,S0_C1_ESCAPE_IN_WIN,C1__ESCAPE__IN_WIN__INNER_CENTER,1,ESCAPE,IN_WIN,INNER_CENTER,False,False
2026-07-10_19_12,0.3012294871377719,0.498415213040103,0.32751197321646247,0.44895625533365113,0.8961251259791355,stable_escape,S0_C1_ESCAPE_IN_WIN,C1__ESCAPE__IN_WIN__OUTER_CHAIN,1,ESCAPE,IN_WIN,OUTER_CHAIN,True,False
2026-07-10_20_01,0.26814731044621953,0.5276694375912394,0.3763112127975843,0.45707190191359115,0.9306786272586588,neutral,S0_C1_ESCAPE_IN_WIN,C1__ESCAPE__IN_OUT__CENTER_OUTER,1,ESCAPE,IN_OUT,CENTER_OUTER,False,False
2026-07-10_20_02,0.2515262184553636,0.5151336982790757,0.32946339836861005,0.46157042618566824,0.9480209568806189,upset_or_flat,S2_C2_WIN_IN_OUT,C2__MAKURI__IN_OUT__CENTER_OUTER,2,MAKURI,IN_OUT,CENTER_OUTER,False,False
2026-07-10_20_03,0.16941954743469148,0.5816067848364443,0.4065433329727578,0.49717978535992696,0.9478408562685068,attack_or_collapse,S4_C4_WIN_KADO,C4__SASHI__IN_REMAIN__CENTER_OUTER,4,SASHI,IN_REMAIN,CENTER_OUTER,False,False
2026-07-10_20_04,0.2485481489549887,0.5224163463303104,0.34508860200492886,0.45133957114805556,0.9108678724088771,neutral,S5_OUTER_WIN_OR_CHAIN,C6__MAKURI__IN_WIN__MIXED,6,MAKURI,IN_WIN,MIXED,False,False
2026-07-10_20_05,0.3470113148081932,0.47346159097384793,0.3415080372225918,0.4441379873290966,0.8941535936826485,stable_escape,S0_C1_ESCAPE_IN_WIN,C1__ESCAPE__IN_WIN__INNER_CENTER,1,ESCAPE,IN_WIN,INNER_CENTER,False,False
2026-07-10_20_06,0.176911280465657,0.5639021802630784,0.34766430263998027,0.46864953826277567,0.9392211126033503,attack_or_collapse,S2_C2_WIN_IN_OUT,C2__NUKI__IN_REMAIN__INNER_TOP3,2,NUKI,IN_REMAIN,INNER_TOP3,False,True
2026-07-10_20_07,0.23774171135068903,0.5273911635241638,0.34831173559068784,0.4700965679932463,0.9359415472494892,neutral,S0_C1_ESCAPE_IN_WIN,C1__ESCAPE__IN_WIN__CENTER_OUTER,1,ESCAPE,IN_WIN,CENTER_OUTER,False,False
2026-07-10_20_08,0.23689107010122668,0.5345372225512726,0.3567557237155584,0.4602003581077981,0.9325769189731623,neutral,S0_C1_ESCAPE_IN_WIN,C1__ESCAPE__IN_WIN__CENTER_OUTER,1,ESCAPE,IN_WIN,CENTER_OUTER,False,False
2026-07-10_20_09,0.21149120533038548,0.5547763857274871,0.39094036083267236,0.48107551462660514,0.9415189645861364,attack_or_collapse,S5_OUTER_WIN_OR_CHAIN,C6__MAKURI_SASHI__IN_REMAIN__OUTER_CHAIN,6,MAKURI_SASHI,IN_REMAIN,OUTER_CHAIN,True,False
2026-07-10_20_10,0.34255615471559725,0.46885966097419857,0.3235755853649548,0.42986267849383986,0.8933885472855931,stable_escape,S0_C1_ESCAPE_IN_WIN,C1__ESCAPE__IN_WIN__INNER_TOP3,1,ESCAPE,IN_WIN,INNER_TOP3,False,True
2026-07-10_20_11,0.30843607244069865,0.5107908251555265,0.36101002224161727,0.44123999540498077,0.8986817743836355,stable_escape,S0_C1_ESCAPE_IN_WIN,C1__ESCAPE__IN_WIN__INNER_CENTER,1,ESCAPE,IN_WIN,INNER_CENTER,False,False
2026-07-10_20_12,0.21246608334751296,0.543038530799282,0.35361188538565935,0.4748565752131132,0.9486130443596743,attack_or_collapse,S0_C1_ESCAPE_IN_WIN,C1__ESCAPE__IN_OUT__CENTER_OUTER,1,ESCAPE,IN_OUT,CENTER_OUTER,False,False
2026-07-10_22_01,0.3403014705629733,0.47761119532812096,0.32884683649085045,0.43628390472241946,0.8863676537822721,stable_escape,S1_C2_SASHI_IN_REMAIN,C2__SASHI__IN_REMAIN__MIXED,2,SASHI,IN_REMAIN,MIXED,False,False
2026-07-10_22_02,0.25772271653323997,0.5283325472076255,0.3685512431048572,0.46835526433004804,0.9253416291585778,neutral,S0_C1_ESCAPE_IN_WIN,C1__ESCAPE__IN_WIN__CENTER_OUTER,1,ESCAPE,IN_WIN,CENTER_OUTER,False,False
2026-07-10_22_03,0.2395519053526199,0.5505667542371906,0.4101076090717944,0.4912056181250536,0.9408139328527205,attack_or_collapse,S0_C1_ESCAPE_IN_WIN,C1__ESCAPE__IN_WIN__CENTER_OUTER,1,ESCAPE,IN_WIN,CENTER_OUTER,False,False
2026-07-10_22_04,0.23058812294128175,0.5525376607581791,0.391933247576453,0.4774403283271177,0.9451407355359988,attack_or_collapse,S2_C2_WIN_IN_OUT,C2__MAKURI__IN_OUT__CENTER_OUTER,2,MAKURI,IN_OUT,CENTER_OUTER,False,False
2026-07-10_22_05,0.1946973210600701,0.5771814858070983,0.4225927263519678,0.507267250379144,0.9492689861430997,attack_or_collapse,S4_C4_WIN_KADO,C4__SASHI__IN_REMAIN__INNER_CENTER,4,SASHI,IN_REMAIN,INNER_CENTER,False,False
2026-07-10_22_06,0.2515575781906731,0.5364911248754374,0.3777180253180154,0.4759022389216812,0.9377016997208492,attack_or_collapse,S3_C3_WIN_CENTER,C3__NUKI__IN_REMAIN__INNER_TOP3,3,NUKI,IN_REMAIN,INNER_TOP3,False,True
2026-07-10_22_07,0.27107065043571227,0.5052855301811126,0.3318895612026853,0.45537387978338734,0.9193786058556319,neutral,S4_C4_WIN_KADO,C4__MAKURI__IN_REMAIN__OUTER_CHAIN,4,MAKURI,IN_REMAIN,OUTER_CHAIN,True,False
2026-07-10_22_08,0.3080064979144923,0.4938947226173,0.340147063055076,0.43627375536763957,0.8828017550258151,stable_escape,S0_C1_ESCAPE_IN_WIN,C1__ESCAPE__IN_WIN__INNER_TOP3,1,ESCAPE,IN_WIN,INNER_TOP3,False,True
2026-07-10_22_09,0.2459958980631656,0.5280056662500776,0.3529097434050734,0.4499087290241055,0.9098815387439618,neutral,S0_C1_ESCAPE_IN_WIN,C1__ESCAPE__IN_WIN__CENTER_OUTER,1,ESCAPE,IN_WIN,CENTER_OUTER,False,False
2026-07-10_22_10,0.2921472019995186,0.4968758934700353,0.32492064094021955,0.44057315536005304,0.9111987415474958,stable_escape,S0_C1_ESCAPE_IN_WIN,C1__ESCAPE__IN_WIN__MIXED,1,ESCAPE,IN_WIN,MIXED,False,False
2026-07-10_22_11,0.2611000714874991,0.5252027496738916,0.3604397297973109,0.4673563190276142,0.9019460785384938,neutral,S0_C1_ESCAPE_IN_WIN,C1__ESCAPE__IN_WIN__CENTER_OUTER,1,ESCAPE,IN_WIN,CENTER_OUTER,False,False
2026-07-10_22_12,0.24940693032203734,0.5261593418261017,0.3691011018421372,0.4561766363989733,0.9215605775320659,neutral,S4_C4_WIN_KADO,C4__MAKURI_SASHI__IN_REMAIN__CENTER_OUTER,4,MAKURI_SASHI,IN_REMAIN,CENTER_OUTER,False,False
2026-07-10_23_01,0.3210561969471175,0.47402362402513126,0.3164092113270345,0.4188202686014189,0.8993165572001804,stable_escape,S0_C1_ESCAPE_IN_WIN,C1__ESCAPE__IN_WIN__CENTER_OUTER,1,ESCAPE,IN_WIN,CENTER_OUTER,False,False
2026-07-10_23_02,0.2408145496081666,0.5351049930832465,0.3613824927364183,0.4643341005396019,0.9326562859523253,attack_or_collapse,S0_C1_ESCAPE_IN_WIN,C1__ESCAPE__IN_WIN__INNER_TOP3,1,ESCAPE,IN_WIN,INNER_TOP3,False,True
2026-07-10_23_03,0.22618750705420806,0.5662056888379754,0.40662766297789776,0.47993034892635505,0.9333503021560147,attack_or_collapse,S4_C4_WIN_KADO,C4__MAKURI__IN_OUT__OUTER_CHAIN,4,MAKURI,IN_OUT,OUTER_CHAIN,True,False
2026-07-10_23_04,0.24410359590276665,0.5293572255419678,0.3338253665467543,0.46562854011790034,0.9488297104055909,upset_or_flat,S5_OUTER_WIN_OR_CHAIN,C6__MAKURI_SASHI__IN_REMAIN__MIXED,6,MAKURI_SASHI,IN_REMAIN,MIXED,False,False
2026-07-10_23_05,0.3340487365233278,0.4891647588117146,0.35057563280447274,0.4364209392866819,0.8920070123445792,stable_escape,S0_C1_ESCAPE_IN_WIN,C1__ESCAPE__IN_WIN__CENTER_OUTER,1,ESCAPE,IN_WIN,CENTER_OUTER,False,False
2026-07-10_23_06,0.25680608304195623,0.5362997120832105,0.367633158323191,0.46510929304683196,0.9458041601866336,attack_or_collapse,S0_C1_ESCAPE_IN_WIN,C1__ESCAPE__IN_WIN__INNER_TOP3,1,ESCAPE,IN_WIN,INNER_TOP3,False,True
2026-07-10_23_07,0.25050647626209527,0.5350761176089527,0.3744160648532666,0.4854224303034278,0.9519189422484885,attack_or_collapse,S4_C4_WIN_KADO,C4__MAKURI__IN_OUT__OUTER_CHAIN,4,MAKURI,IN_OUT,OUTER_CHAIN,True,False
2026-07-10_23_08,0.26901817269415484,0.5105958853762911,0.36625626902906405,0.46129199226065787,0.9377718183768529,neutral,S5_OUTER_WIN_OR_CHAIN,C5__MAKURI_SASHI__IN_REMAIN__OUTER_CHAIN,5,MAKURI_SASHI,IN_REMAIN,OUTER_CHAIN,True,False
2026-07-10_23_09,0.2911299720481513,0.511062195714113,0.3409743814054873,0.4599787346486014,0.9223713025897355,stable_escape,S0_C1_ESCAPE_IN_WIN,C1__ESCAPE__IN_WIN__CENTER_OUTER,1,ESCAPE,IN_WIN,CENTER_OUTER,False,False
2026-07-10_23_10,0.29629742524430114,0.5222197816504479,0.3917242880237852,0.4582892673364086,0.931229489873003,attack_or_collapse,S3_C3_WIN_CENTER,C3__MAKURI__IN_OUT__CENTER_OUTER,3,MAKURI,IN_OUT,CENTER_OUTER,False,False
2026-07-10_23_11,0.2783838154930924,0.5118658899031766,0.35761595461870826,0.44753751213545145,0.9027235114346398,neutral,S4_C4_WIN_KADO,C4__MAKURI__IN_OUT__OUTER_CHAIN,4,MAKURI,IN_OUT,OUTER_CHAIN,True,False
2026-07-10_23_12,0.32069092616136174,0.4918409649140078,0.35739323327949096,0.4465863148581319,0.894212257269728,stable_escape,S0_C1_ESCAPE_IN_WIN,C1__ESCAPE__IN_WIN__INNER_TOP3,1,ESCAPE,IN_WIN,INNER_TOP3,False,True
2026-07-11_02_01,0.30160393505985367,0.5125355587265787,0.3762811966035592,0.46977661956034206,0.9197664711004883,stable_escape,S0_C1_ESCAPE_IN_WIN,C1__ESCAPE__IN_WIN__CENTER_OUTER,1,ESCAPE,IN_WIN,CENTER_OUTER,False,False
2026-07-11_02_02,0.310648879617234,0.48129388800140455,0.31118506652454386,0.4313367512283721,0.892887404816725,stable_escape,S0_C1_ESCAPE_IN_WIN,C1__ESCAPE__IN_WIN__MIXED,1,ESCAPE,IN_WIN,MIXED,False,False
2026-07-11_02_03,0.2970139383014967,0.49421158849262387,0.33011114944076203,0.4433790151151559,0.9073975571337647,stable_escape,S0_C1_ESCAPE_IN_WIN,C1__ESCAPE__IN_WIN__INNER_CENTER,1,ESCAPE,IN_WIN,INNER_CENTER,False,False
2026-07-11_02_04,0.33609647383243213,0.4779444829254105,0.339751775104572,0.43719867762068176,0.89367745667658,stable_escape,S0_C1_ESCAPE_IN_WIN,C1__ESCAPE__IN_WIN__OUTER_CHAIN,1,ESCAPE,IN_WIN,OUTER_CHAIN,True,False
2026-07-11_02_05,0.21306483724454997,0.5605130416453623,0.40325452163578923,0.4830327753754418,0.9481310988034046,attack_or_collapse,S2_C2_WIN_IN_OUT,C2__NUKI__IN_REMAIN__MIXED,2,NUKI,IN_REMAIN,MIXED,False,False
2026-07-11_02_06,0.2712576923273239,0.5029251202188856,0.31990359470789104,0.4418136833715525,0.9023603637302395,neutral,S0_C1_ESCAPE_IN_WIN,C1__ESCAPE__IN_WIN__INNER_TOP3,1,ESCAPE,IN_WIN,INNER_TOP3,False,True
2026-07-11_02_07,0.275977576788306,0.5347637417395673,0.40970325898188187,0.47043728909114096,0.8993455633592738,attack_or_collapse,S0_C1_ESCAPE_IN_WIN,C1__ESCAPE__IN_WIN__OUTER_CHAIN,1,ESCAPE,IN_WIN,OUTER_CHAIN,True,False
2026-07-11_02_08,0.22971003946051904,0.5474410674685122,0.38060334769911963,0.4781329155115377,0.9461813851449086,attack_or_collapse,S0_C1_ESCAPE_IN_WIN,C1__NUKI__IN_WIN__INNER_TOP3,1,NUKI,IN_WIN,INNER_TOP3,False,True
2026-07-11_02_09,0.23107446250548286,0.5292280828951232,0.3453456908175466,0.4725170875317207,0.9521870964601712,upset_or_flat,S2_C2_WIN_IN_OUT,C2__NUKI__IN_OUT__OUTER_CHAIN,2,NUKI,IN_OUT,OUTER_CHAIN,True,False
2026-07-11_02_10,0.2516250981496906,0.5396340464448353,0.39613109123279444,0.4687705321012009,0.9040351727484699,attack_or_collapse,S0_C1_ESCAPE_IN_WIN,C1__ESCAPE__IN_WIN__INNER_TOP3,1,ESCAPE,IN_WIN,INNER_TOP3,False,True
2026-07-11_02_11,0.28941007572249744,0.5247090353595945,0.3737367744326084,0.4640481417953404,0.9075472272291254,neutral,S0_C1_ESCAPE_IN_WIN,C1__ESCAPE__IN_WIN__INNER_CENTER,1,ESCAPE,IN_WIN,INNER_CENTER,False,False
2026-07-11_02_12,0.25499359187576326,0.538995096760439,0.4001225977289468,0.474363079118096,0.9012258270509159,attack_or_collapse,S0_C1_ESCAPE_IN_WIN,C1__ESCAPE__IN_WIN__MIXED,1,ESCAPE,IN_WIN,MIXED,False,False
2026-07-11_03_01,0.27789895464431236,0.5205045932800973,0.3695338869664856,0.4658002342842926,0.9484949997339879,upset_or_flat,S0_C1_ESCAPE_IN_WIN,C1__ESCAPE__IN_WIN__INNER_TOP3,1,ESCAPE,IN_WIN,INNER_TOP3,False,True
2026-07-11_03_02,0.2907050295825966,0.5136729422643478,0.36874519010748197,0.4725160344176848,0.9235315533221242,upset_or_flat,S0_C1_ESCAPE_IN_WIN,C1__ESCAPE__IN_WIN__INNER_CENTER,1,ESCAPE,IN_WIN,INNER_CENTER,False,False
2026-07-11_03_03,0.2752615717278611,0.5156740802997728,0.35536985080012423,0.46129833095945705,0.9345043628867258,neutral,S0_C1_ESCAPE_IN_WIN,C1__NUKI__IN_WIN__MIXED,1,NUKI,IN_WIN,MIXED,False,False
2026-07-11_03_04,0.3011511980894609,0.5051679920185279,0.3417486943264376,0.4496670676812107,0.9253313251662175,stable_escape,S4_C4_WIN_KADO,C4__MAKURI__IN_REMAIN__INNER_CENTER,4,MAKURI,IN_REMAIN,INNER_CENTER,False,False
2026-07-11_03_05,0.2283644274203724,0.5233954303712129,0.34220958718613737,0.4688794800664402,0.9486240193245296,upset_or_flat,S0_C1_ESCAPE_IN_WIN,C1__ESCAPE__IN_WIN__CENTER_OUTER,1,ESCAPE,IN_WIN,CENTER_OUTER,False,False
2026-07-11_03_06,0.293313610216989,0.5077648051722963,0.3395381914195015,0.4570596039733585,0.9487743492903149,upset_or_flat,S3_C3_WIN_CENTER,C3__MAKURI__IN_REMAIN__INNER_TOP3,3,MAKURI,IN_REMAIN,INNER_TOP3,False,True
2026-07-11_03_07,0.2740565243444714,0.5155264660066939,0.351874826549224,0.45456713909483043,0.9156773264623395,neutral,S0_C1_ESCAPE_IN_WIN,C1__ESCAPE__IN_WIN__MIXED,1,ESCAPE,IN_WIN,MIXED,False,False
2026-07-11_03_08,0.29710285648911405,0.5222518513238577,0.40568330691103294,0.4648015340814117,0.9067385009850725,attack_or_collapse,S1_C2_SASHI_IN_REMAIN,C2__SASHI__IN_REMAIN__INNER_TOP3,2,SASHI,IN_REMAIN,INNER_TOP3,False,True
2026-07-11_03_09,0.3144001021938941,0.5128910279970988,0.3889321773145543,0.4716613640424374,0.9097579532573603,attack_or_collapse,S0_C1_ESCAPE_IN_WIN,C1__ESCAPE__IN_WIN__CENTER_OUTER,1,ESCAPE,IN_WIN,CENTER_OUTER,False,False
2026-07-11_03_10,0.34017069239639175,0.4933928204008775,0.36795043792986604,0.44377281999237506,0.8869667098797693,stable_escape,S0_C1_ESCAPE_IN_WIN,C1__NUKI__IN_WIN__MIXED,1,NUKI,IN_WIN,MIXED,False,False
2026-07-11_03_11,0.2892192739743004,0.5072541099018177,0.3502663192547363,0.4562702143826577,0.8963030922884099,neutral,S2_C2_WIN_IN_OUT,C2__NUKI__IN_OUT__CENTER_OUTER,2,NUKI,IN_OUT,CENTER_OUTER,False,False
2026-07-11_03_12,0.3166406466931079,0.4936482262817684,0.3273622585570186,0.4503916749495022,0.9110676468256311,stable_escape,S0_C1_ESCAPE_IN_WIN,C1__ESCAPE__IN_WIN__CENTER_OUTER,1,ESCAPE,IN_WIN,CENTER_OUTER,False,False
2026-07-11_04_01,0.22290013853845086,0.5428393413426476,0.3751232656693245,0.4726464729175948,0.9501113450739189,attack_or_collapse,S3_C3_WIN_CENTER,C3__MAKURI_SASHI__IN_REMAIN__CENTER_OUTER,3,MAKURI_SASHI,IN_REMAIN,CENTER_OUTER,False,False
2026-07-11_04_02,0.3306610594042203,0.47516591363689836,0.3072256807867581,0.4312361780377134,0.884793754973584,stable_escape,S0_C1_ESCAPE_IN_WIN,C1__ESCAPE__IN_WIN__INNER_CENTER,1,ESCAPE,IN_WIN,INNER_CENTER,False,False
2026-07-11_04_03,0.28756182682184955,0.5065026168514224,0.34720385428977574,0.46274018428272023,0.9445366877199557,upset_or_flat,S3_C3_WIN_CENTER,C3__MAKURI__IN_OUT__OUTER_CHAIN,3,MAKURI,IN_OUT,OUTER_CHAIN,True,False
2026-07-11_04_04,0.29048710609303263,0.5198164387432015,0.37740373628710294,0.4710702975841087,0.9375100637853796,upset_or_flat,S1_C2_SASHI_IN_REMAIN,C2__SASHI__IN_REMAIN__MIXED,2,SASHI,IN_REMAIN,MIXED,False,False
2026-07-11_04_05,0.2285651253679957,0.5493837926945697,0.3844276939674851,0.47410059322952425,0.952808249928915,attack_or_collapse,S0_C1_ESCAPE_IN_WIN,C1__ESCAPE__IN_WIN__MIXED,1,ESCAPE,IN_WIN,MIXED,False,False
2026-07-11_04_06,0.25655601662131877,0.5337827097101306,0.39044509749895107,0.4729850851741064,0.9523995389376378,attack_or_collapse,S1_C2_SASHI_IN_REMAIN,C2__SASHI__IN_REMAIN__INNER_TOP3,2,SASHI,IN_REMAIN,INNER_TOP3,False,True
2026-07-11_04_07,0.2726770983526143,0.5122500680249766,0.3292036290148695,0.45490138928323093,0.932294299916287,neutral,S3_C3_WIN_CENTER,C3__MAKURI__IN_REMAIN__CENTER_OUTER,3,MAKURI,IN_REMAIN,CENTER_OUTER,False,False
2026-07-11_04_08,0.2743891047046262,0.5367157139496703,0.4186055951922983,0.47832807823316575,0.9387019972803418,attack_or_collapse,S0_C1_ESCAPE_IN_WIN,C1__ESCAPE__IN_WIN__MIXED,1,ESCAPE,IN_WIN,MIXED,False,False
2026-07-11_04_09,0.2853862128479534,0.5016556536263774,0.3411971643886539,0.45641569549958566,0.9155292005977443,neutral,S0_C1_ESCAPE_IN_WIN,C1__ESCAPE__IN_WIN__INNER_TOP3,1,ESCAPE,IN_WIN,INNER_TOP3,False,True
2026-07-11_04_10,0.2601171740238346,0.5281327348970917,0.3714234693707348,0.45494481690182387,0.9329271478953746,neutral,S2_C2_WIN_IN_OUT,C2__SASHI__IN_OUT__CENTER_OUTER,2,SASHI,IN_OUT,CENTER_OUTER,False,False
2026-07-11_04_11,0.2379340814052537,0.5237638264502442,0.3465514123352219,0.45762324731842596,0.9277323709243679,neutral,S0_C1_ESCAPE_IN_WIN,C1__ESCAPE__IN_WIN__MIXED,1,ESCAPE,IN_WIN,MIXED,False,False
2026-07-11_04_12,0.31824140005061424,0.4987993280183214,0.3714294236953287,0.46825832020810715,0.9143341364415065,stable_escape,S0_C1_ESCAPE_IN_WIN,C1__ESCAPE__IN_WIN__INNER_TOP3,1,ESCAPE,IN_WIN,INNER_TOP3,False,True
2026-07-11_06_01,0.21117626863832678,0.5560303579216219,0.37439237095401534,0.4855557329292643,0.9499735821142625,attack_or_collapse,S3_C3_WIN_CENTER,C3__SASHI__IN_OUT__CENTER_OUTER,3,SASHI,IN_OUT,CENTER_OUTER,False,False
2026-07-11_06_02,0.19340557338041064,0.5644424805025303,0.3928763453650096,0.4830786856633033,0.9262582687615687,attack_or_collapse,S3_C3_WIN_CENTER,C3__MAKURI_SASHI__IN_OUT__OUTER_CHAIN,3,MAKURI_SASHI,IN_OUT,OUTER_CHAIN,True,False
2026-07-11_06_03,0.2046550135918475,0.5641803834849792,0.3915389521450955,0.4786226258451262,0.9492709794306309,attack_or_collapse,S5_OUTER_WIN_OR_CHAIN,C6__NUKI__IN_OUT__CENTER_OUTER,6,NUKI,IN_OUT,CENTER_OUTER,False,False
2026-07-11_06_04,0.2256765563017149,0.5369935894832651,0.35517727196380033,0.46747931328236125,0.924082038086371,attack_or_collapse,S3_C3_WIN_CENTER,C3__MAKURI__IN_REMAIN__CENTER_OUTER,3,MAKURI,IN_REMAIN,CENTER_OUTER,False,False
2026-07-11_06_05,0.3115396986982984,0.5000868286374882,0.35050147131913856,0.4602831382300992,0.9203750368005785,stable_escape,S2_C2_WIN_IN_OUT,C2__SASHI__IN_OUT__CENTER_OUTER,2,SASHI,IN_OUT,CENTER_OUTER,False,False
2026-07-11_06_06,0.2441683330632569,0.5291806266220471,0.35200722559723785,0.4652309771402263,0.9516878044557066,upset_or_flat,S0_C1_ESCAPE_IN_WIN,C1__ESCAPE__IN_WIN__CENTER_OUTER,1,ESCAPE,IN_WIN,CENTER_OUTER,False,False
2026-07-11_06_07,0.21435522297108137,0.5525922338308598,0.3699000412777162,0.4822766530683842,0.9477369769448396,attack_or_collapse,S2_C2_WIN_IN_OUT,C2__MAKURI__IN_OUT__CENTER_OUTER,2,MAKURI,IN_OUT,CENTER_OUTER,False,False
2026-07-11_06_08,0.27209144881832015,0.5074091596475337,0.34486534079869957,0.4541068882187253,0.9278889449229359,neutral,S1_C2_SASHI_IN_REMAIN,C2__SASHI__IN_REMAIN__INNER_CENTER,2,SASHI,IN_REMAIN,INNER_CENTER,False,False
2026-07-11_06_09,0.2326205341991689,0.5621524045609334,0.427593112871518,0.4922463763667616,0.9354304650088582,attack_or_collapse,S0_C1_ESCAPE_IN_WIN,C1__ESCAPE__IN_WIN__INNER_CENTER,1,ESCAPE,IN_WIN,INNER_CENTER,False,False
2026-07-11_06_10,0.29002515613867547,0.5116503533827499,0.35437309994149224,0.4526913312729018,0.8970092002151027,neutral,S0_C1_ESCAPE_IN_WIN,C1__ESCAPE__IN_WIN__INNER_CENTER,1,ESCAPE,IN_WIN,INNER_CENTER,False,False
2026-07-11_06_11,0.2855865831153145,0.5218908333671524,0.3808424344397966,0.47312986794182404,0.9040799497228222,attack_or_collapse,S0_C1_ESCAPE_IN_WIN,C1__ESCAPE__IN_WIN__INNER_CENTER,1,ESCAPE,IN_WIN,INNER_CENTER,False,False
2026-07-11_06_12,0.2922835583365902,0.5332496019198132,0.4251031349401912,0.48244269150866737,0.9358552820949866,attack_or_collapse,S0_C1_ESCAPE_IN_WIN,C1__ESCAPE__IN_WIN__CENTER_OUTER,1,ESCAPE,IN_WIN,CENTER_OUTER,False,False
2026-07-11_08_01,0.31659469465549206,0.5054634214056932,0.37855225749912197,0.45849994150036266,0.8993711832304881,attack_or_collapse,S0_C1_ESCAPE_IN_WIN,C1__ESCAPE__IN_WIN__INNER_CENTER,1,ESCAPE,IN_WIN,INNER_CENTER,False,False
2026-07-11_08_02,0.2799167094030956,0.5106747413129241,0.35974213899410956,0.46735486477644983,0.9426184635350567,upset_or_flat,S0_C1_ESCAPE_IN_WIN,C1__ESCAPE__IN_WIN__CENTER_OUTER,1,ESCAPE,IN_WIN,CENTER_OUTER,False,False
2026-07-11_08_03,0.3000249576919471,0.5076264144078517,0.34788030907911405,0.4632320598889812,0.9197723853497856,stable_escape,S0_C1_ESCAPE_IN_WIN,C1__ESCAPE__IN_WIN__CENTER_OUTER,1,ESCAPE,IN_WIN,CENTER_OUTER,False,False
2026-07-11_08_04,0.22840157694984195,0.5555186332814424,0.38416962030090485,0.49110050982010933,0.9456575060457757,attack_or_collapse,S0_C1_ESCAPE_IN_WIN,C1__ESCAPE__IN_WIN__CENTER_OUTER,1,ESCAPE,IN_WIN,CENTER_OUTER,False,False
2026-07-11_08_05,0.31242302468774874,0.5202235664322437,0.4142270466253629,0.4691534285843785,0.9070642110073555,attack_or_collapse,S0_C1_ESCAPE_IN_WIN,C1__ESCAPE__IN_WIN__INNER_CENTER,1,ESCAPE,IN_WIN,INNER_CENTER,False,False
2026-07-11_08_06,0.28081494444418537,0.5033650973481081,0.31876227093138065,0.4421912270315743,0.9112284952153351,neutral,S0_C1_ESCAPE_IN_WIN,C1__ESCAPE__IN_WIN__INNER_TOP3,1,ESCAPE,IN_WIN,INNER_TOP3,False,True
2026-07-11_08_07,0.22238923850042588,0.5381423114134098,0.3627166780238327,0.4536421529325392,0.944282076041665,attack_or_collapse,S5_OUTER_WIN_OR_CHAIN,C5__MAKURI_SASHI__IN_REMAIN__MIXED,5,MAKURI_SASHI,IN_REMAIN,MIXED,False,False
2026-07-11_08_08,0.2696576312782708,0.5083384407283527,0.3240816639268293,0.44550411797490735,0.8971186160862659,neutral,S0_C1_ESCAPE_IN_WIN,C1__ESCAPE__IN_WIN__CENTER_OUTER,1,ESCAPE,IN_WIN,CENTER_OUTER,False,False
2026-07-11_08_09,0.27091448431644355,0.5095622923807184,0.3449151521759668,0.45086522040031735,0.9033841709626123,neutral,S0_C1_ESCAPE_IN_WIN,C1__ESCAPE__IN_WIN__MIXED,1,ESCAPE,IN_WIN,MIXED,False,False
2026-07-11_08_10,0.24523617899726077,0.5331273631543088,0.3481560815435799,0.4664229430244242,0.8997106140904485,neutral,S0_C1_ESCAPE_IN_WIN,C1__ESCAPE__IN_WIN__MIXED,1,ESCAPE,IN_WIN,MIXED,False,False
2026-07-11_08_11,0.297166047143532,0.5076192289351233,0.34276191082714036,0.45265519661040593,0.9091387519856143,stable_escape,S0_C1_ESCAPE_IN_WIN,C1__ESCAPE__IN_WIN__MIXED,1,ESCAPE,IN_WIN,MIXED,False,False
2026-07-11_08_12,0.2664997386070289,0.5380871394273812,0.3979694664672424,0.4676288412848757,0.8992273797443054,attack_or_collapse,S0_C1_ESCAPE_IN_WIN,C1__ESCAPE__IN_WIN__OUTER_CHAIN,1,ESCAPE,IN_WIN,OUTER_CHAIN,True,False
2026-07-11_09_01,0.3130524271123281,0.4934262573303989,0.349323473640443,0.44322334208432873,0.8996283593644414,stable_escape,S5_OUTER_WIN_OR_CHAIN,C5__MAKURI_SASHI__IN_REMAIN__MIXED,5,MAKURI_SASHI,IN_REMAIN,MIXED,False,False
2026-07-11_09_02,0.23365885751457052,0.5270856752833518,0.35368067017809757,0.4591095894862528,0.943817728940953,upset_or_flat,S3_C3_WIN_CENTER,C3__MAKURI_SASHI__IN_REMAIN__CENTER_OUTER,3,MAKURI_SASHI,IN_REMAIN,CENTER_OUTER,False,False
2026-07-11_09_03,0.23226540878676388,0.5421204875576588,0.3822806448541682,0.47198815789206605,0.951748846409467,attack_or_collapse,S5_OUTER_WIN_OR_CHAIN,C5__MAKURI_SASHI__IN_REMAIN__MIXED,5,MAKURI_SASHI,IN_REMAIN,MIXED,False,False
2026-07-11_09_04,0.22733732390908137,0.5497859397583156,0.36775908737283897,0.47495990881407485,0.9362627619031856,attack_or_collapse,S2_C2_WIN_IN_OUT,C2__NUKI__IN_REMAIN__INNER_CENTER,2,NUKI,IN_REMAIN,INNER_CENTER,False,False
2026-07-11_09_05,0.26277902146675014,0.5224240969656124,0.35486266565619823,0.4537124876322648,0.8908391518189376,neutral,S5_OUTER_WIN_OR_CHAIN,C5__MAKURI__IN_OUT__CENTER_OUTER,5,MAKURI,IN_OUT,CENTER_OUTER,False,False
2026-07-11_09_06,0.24211548319216902,0.539239824432119,0.38576224975984497,0.4743827869650638,0.9406437436450019,attack_or_collapse,S2_C2_WIN_IN_OUT,C2__SASHI__IN_OUT__CENTER_OUTER,2,SASHI,IN_OUT,CENTER_OUTER,False,False
2026-07-11_09_07,0.22661730269358743,0.5230042353424815,0.3321361871997882,0.46179357200733606,0.9474652207574843,upset_or_flat,S4_C4_WIN_KADO,C4__MAKURI__IN_OUT__OUTER_CHAIN,4,MAKURI,IN_OUT,OUTER_CHAIN,True,False
2026-07-11_09_08,0.28525375102948924,0.5217717209818076,0.3914554577621578,0.4744881396133616,0.947436056166448,attack_or_collapse,S0_C1_ESCAPE_IN_WIN,C1__ESCAPE__IN_WIN__INNER_TOP3,1,ESCAPE,IN_WIN,INNER_TOP3,False,True
2026-07-11_09_09,0.2020635861026874,0.5666423494939192,0.3944218495877041,0.4968086992006031,0.947726812944224,attack_or_collapse,S0_C1_ESCAPE_IN_WIN,C1__ESCAPE__IN_WIN__CENTER_OUTER,1,ESCAPE,IN_WIN,CENTER_OUTER,False,False
2026-07-11_09_10,0.261418829097825,0.5282808529506247,0.3817144070565399,0.4697604257617592,0.9335847091798992,attack_or_collapse,S0_C1_ESCAPE_IN_WIN,C1__ESCAPE__IN_WIN__INNER_CENTER,1,ESCAPE,IN_WIN,INNER_CENTER,False,False
2026-07-11_09_11,0.25453341380726263,0.5278968668798547,0.3753980532195939,0.4682582633513701,0.9281900453856258,neutral,S3_C3_WIN_CENTER,C3__MAKURI__IN_REMAIN__CENTER_OUTER,3,MAKURI,IN_REMAIN,CENTER_OUTER,False,False
2026-07-11_09_12,0.26134639974097973,0.5084778988974951,0.32114321683333275,0.44068924086918404,0.8962032148909567,neutral,S3_C3_WIN_CENTER,C3__MAKURI_SASHI__IN_REMAIN__CENTER_OUTER,3,MAKURI_SASHI,IN_REMAIN,CENTER_OUTER,False,False
2026-07-11_10_01,0.32987114611783547,0.48877187291240953,0.3614512162793907,0.4430923692500249,0.9152844215288074,stable_escape,S1_C2_SASHI_IN_REMAIN,C2__SASHI__IN_REMAIN__INNER_TOP3,2,SASHI,IN_REMAIN,INNER_TOP3,False,True
2026-07-11_10_02,0.26768016965660046,0.5264693846453545,0.3715692614045095,0.47381988386311213,0.9006398919876156,upset_or_flat,S5_OUTER_WIN_OR_CHAIN,C5__MAKURI_SASHI__IN_OUT__CENTER_OUTER,5,MAKURI_SASHI,IN_OUT,CENTER_OUTER,False,False
2026-07-11_10_03,0.21190781228082825,0.5553331828535867,0.3815517289824537,0.47729385438381,0.9525812205498085,attack_or_collapse,S0_C1_ESCAPE_IN_WIN,C1__ESCAPE__IN_WIN__INNER_TOP3,1,ESCAPE,IN_WIN,INNER_TOP3,False,True
2026-07-11_10_04,0.1963546148365432,0.5437641372485407,0.34827812750138726,0.4808957570204377,0.9429635925234032,attack_or_collapse,S5_OUTER_WIN_OR_CHAIN,C5__SASHI__IN_REMAIN__MIXED,5,SASHI,IN_REMAIN,MIXED,False,False
2026-07-11_10_05,0.2988072230425797,0.48570874473798387,0.32381321264277274,0.4461411043994323,0.9346772135141619,stable_escape,S1_C2_SASHI_IN_REMAIN,C2__SASHI__IN_REMAIN__MIXED,2,SASHI,IN_REMAIN,MIXED,False,False
2026-07-11_10_06,0.22515416101040903,0.5355163250384658,0.37426670332772577,0.46986596193775665,0.9514285375986761,attack_or_collapse,S3_C3_WIN_CENTER,C3__MAKURI_SASHI__IN_REMAIN__CENTER_OUTER,3,MAKURI_SASHI,IN_REMAIN,CENTER_OUTER,False,False
2026-07-11_10_07,0.22844194950670516,0.5167153289145383,0.3265737728562814,0.45638422766990844,0.9520072043718847,upset_or_flat,S4_C4_WIN_KADO,C4__MAKURI__IN_REMAIN__OUTER_CHAIN,4,MAKURI,IN_REMAIN,OUTER_CHAIN,True,False
2026-07-11_10_08,0.27022657321135674,0.5057063727725875,0.32916125423841225,0.44611266325492915,0.9168001357908666,neutral,S0_C1_ESCAPE_IN_WIN,C1__ESCAPE__IN_WIN__INNER_CENTER,1,ESCAPE,IN_WIN,INNER_CENTER,False,False
2026-07-11_10_09,0.25899369792387994,0.5246574004961697,0.3408731873341695,0.4503480614871639,0.911761196133759,neutral,S0_C1_ESCAPE_IN_WIN,C1__ESCAPE__IN_WIN__CENTER_OUTER,1,ESCAPE,IN_WIN,CENTER_OUTER,False,False
2026-07-11_10_10,0.3409099756380335,0.4777209608071412,0.3158250618830557,0.42721315779211755,0.8910831638035004,stable_escape,S0_C1_ESCAPE_IN_WIN,C1__ESCAPE__IN_WIN__CENTER_OUTER,1,ESCAPE,IN_WIN,CENTER_OUTER,False,False
2026-07-11_10_11,0.24962946642153735,0.5239626066693817,0.3596148185824605,0.45578689574886383,0.9043305672791775,neutral,S0_C1_ESCAPE_IN_WIN,C1__ESCAPE__IN_WIN__INNER_TOP3,1,ESCAPE,IN_WIN,INNER_TOP3,False,True
2026-07-11_10_12,0.2948422440827469,0.5235489603737928,0.3769628810979433,0.43173879256562203,0.894599247598306,neutral,S0_C1_ESCAPE_IN_WIN,C1__ESCAPE__IN_WIN__INNER_TOP3,1,ESCAPE,IN_WIN,INNER_TOP3,False,True
2026-07-11_11_01,0.2771240769982392,0.5133598261086372,0.36098031436647104,0.4545397464827398,0.905164844287629,neutral,S0_C1_ESCAPE_IN_WIN,C1__ESCAPE__IN_WIN__INNER_TOP3,1,ESCAPE,IN_WIN,INNER_TOP3,False,True
2026-07-11_11_02,0.24831143254760163,0.5270954661330529,0.35197529582326137,0.46137626576065677,0.9267280129048373,neutral,S0_C1_ESCAPE_IN_WIN,C1__ESCAPE__IN_WIN__OUTER_CHAIN,1,ESCAPE,IN_WIN,OUTER_CHAIN,True,False
2026-07-11_11_03,0.3006146621595944,0.5035249957154355,0.3473320218138751,0.44843548858352744,0.9402863333721824,upset_or_flat,S0_C1_ESCAPE_IN_WIN,C1__ESCAPE__IN_WIN__MIXED,1,ESCAPE,IN_WIN,MIXED,False,False
2026-07-11_11_04,0.3018098223692794,0.5043877443539431,0.36597034431639813,0.4556968274261832,0.8981128909886494,stable_escape,S0_C1_ESCAPE_IN_WIN,C1__ESCAPE__IN_WIN__OUTER_CHAIN,1,ESCAPE,IN_WIN,OUTER_CHAIN,True,False
2026-07-11_11_05,0.2870716377050831,0.5171769504534625,0.3699461945305126,0.46982238614816385,0.9110210947543649,neutral,S0_C1_ESCAPE_IN_WIN,C1__ESCAPE__IN_WIN__CENTER_OUTER,1,ESCAPE,IN_WIN,CENTER_OUTER,False,False
2026-07-11_11_06,0.23935550498857283,0.5341815144911553,0.359979286972386,0.46820692714721385,0.9256142977970969,neutral,S3_C3_WIN_CENTER,C3__MAKURI_SASHI__IN_REMAIN__CENTER_OUTER,3,MAKURI_SASHI,IN_REMAIN,CENTER_OUTER,False,False
2026-07-11_11_07,0.2699363097375583,0.5142281804482531,0.33459689405377707,0.4584065300364999,0.911214715787679,neutral,S3_C3_WIN_CENTER,C3__MAKURI_SASHI__IN_REMAIN__CENTER_OUTER,3,MAKURI_SASHI,IN_REMAIN,CENTER_OUTER,False,False
2026-07-11_11_08,0.1966219614528874,0.5691937974704961,0.4051807788493324,0.48160207894504603,0.9436296472373369,attack_or_collapse,S0_C1_ESCAPE_IN_WIN,C1__ESCAPE__IN_WIN__CENTER_OUTER,1,ESCAPE,IN_WIN,CENTER_OUTER,False,False
2026-07-11_11_09,0.31636962649535644,0.48203220771243005,0.3029954535569296,0.426526333383944,0.9040235459556516,stable_escape,S1_C2_SASHI_IN_REMAIN,C2__SASHI__IN_REMAIN__INNER_CENTER,2,SASHI,IN_REMAIN,INNER_CENTER,False,False
2026-07-11_11_10,0.2527464429037918,0.5236565057658769,0.3502287103150622,0.45918416977851084,0.9060340983654404,neutral,S0_C1_ESCAPE_IN_WIN,C1__ESCAPE__IN_WIN__MIXED,1,ESCAPE,IN_WIN,MIXED,False,False
2026-07-11_11_11,0.28813416420094706,0.4966994930682249,0.3370078583101917,0.4439993088648506,0.9138009726390761,neutral,S0_C1_ESCAPE_IN_WIN,C1__ESCAPE__IN_WIN__OUTER_CHAIN,1,ESCAPE,IN_WIN,OUTER_CHAIN,True,False
2026-07-11_11_12,0.32861413262580114,0.49265623063335545,0.35975759672513186,0.441613635588626,0.893160761497649,stable_escape,S0_C1_ESCAPE_IN_WIN,C1__ESCAPE__IN_WIN__INNER_CENTER,1,ESCAPE,IN_WIN,INNER_CENTER,False,False
2026-07-11_14_01,0.2627100173773228,0.5302565910528756,0.38753731420537907,0.464357338584667,0.8956723639563436,attack_or_collapse,S0_C1_ESCAPE_IN_WIN,C1__ESCAPE__IN_WIN__OUTER_CHAIN,1,ESCAPE,IN_WIN,OUTER_CHAIN,True,False
2026-07-11_14_02,0.26890585611484835,0.5285465962760807,0.38975441885959117,0.4811403384145614,0.9513505385528398,attack_or_collapse,S0_C1_ESCAPE_IN_WIN,C1__ESCAPE__IN_WIN__INNER_CENTER,1,ESCAPE,IN_WIN,INNER_CENTER,False,False
2026-07-11_14_03,0.2767914146093498,0.5126391712636038,0.32929845361577015,0.45694313764793804,0.920563297387421,neutral,S0_C1_ESCAPE_IN_WIN,C1__ESCAPE__IN_WIN__CENTER_OUTER,1,ESCAPE,IN_WIN,CENTER_OUTER,False,False
2026-07-11_14_04,0.3122915791252331,0.5040755585176222,0.3786959373930189,0.4500105288469551,0.8906634754467556,attack_or_collapse,S0_C1_ESCAPE_IN_WIN,C1__ESCAPE__IN_WIN__OUTER_CHAIN,1,ESCAPE,IN_WIN,OUTER_CHAIN,True,False
2026-07-11_14_05,0.2555608280776207,0.5279337730472022,0.3746399648213973,0.4677085562596938,0.9388400891196985,neutral,S0_C1_ESCAPE_IN_WIN,C1__ESCAPE__IN_WIN__OUTER_CHAIN,1,ESCAPE,IN_WIN,OUTER_CHAIN,True,False
2026-07-11_14_06,0.18033099052384932,0.5636069193786326,0.3761364346322527,0.4910326679455906,0.9503186574641149,attack_or_collapse,S3_C3_WIN_CENTER,C3__MAKURI__IN_OUT__OUTER_CHAIN,3,MAKURI,IN_OUT,OUTER_CHAIN,True,False
2026-07-11_14_07,0.2033157553104655,0.5522471118500434,0.3647294730030266,0.4789998512509879,0.9547285672415853,attack_or_collapse,S0_C1_ESCAPE_IN_WIN,C1__ESCAPE__IN_WIN__MIXED,1,ESCAPE,IN_WIN,MIXED,False,False
2026-07-11_14_08,0.249046333297513,0.5445393898471564,0.39514728032449853,0.4763008894643256,0.9466750937403956,attack_or_collapse,S3_C3_WIN_CENTER,C3__MAKURI_SASHI__IN_OUT__CENTER_OUTER,3,MAKURI_SASHI,IN_OUT,CENTER_OUTER,False,False
2026-07-11_14_09,0.28492782816042045,0.4977637058284183,0.32399347959654734,0.44501207866951004,0.9383580519990109,neutral,S0_C1_ESCAPE_IN_WIN,C1__ESCAPE__IN_WIN__OUTER_CHAIN,1,ESCAPE,IN_WIN,OUTER_CHAIN,True,False
2026-07-11_14_10,0.21497652765432923,0.5525080794979333,0.3741363339181798,0.4800460912126219,0.9449381214468113,attack_or_collapse,S0_C1_ESCAPE_IN_WIN,C1__ESCAPE__IN_WIN__CENTER_OUTER,1,ESCAPE,IN_WIN,CENTER_OUTER,False,False
2026-07-11_14_11,0.25695280189804226,0.5365872345377615,0.3959206003295632,0.47267519926565005,0.9226305256795617,attack_or_collapse,S0_C1_ESCAPE_IN_WIN,C1__ESCAPE__IN_WIN__INNER_TOP3,1,ESCAPE,IN_WIN,INNER_TOP3,False,True
2026-07-11_14_12,0.29292542841578484,0.5102437108693887,0.3599966478535923,0.43887338290635025,0.9121428221138095,stable_escape,S3_C3_WIN_CENTER,C3__MAKURI__IN_OUT__OUTER_CHAIN,3,MAKURI,IN_OUT,OUTER_CHAIN,True,False
2026-07-11_15_01,0.3178589031168566,0.49471102254902477,0.36351681937666885,0.4545352749819364,0.9467654093900064,upset_or_flat,S0_C1_ESCAPE_IN_WIN,C1__ESCAPE__IN_WIN__INNER_CENTER,1,ESCAPE,IN_WIN,INNER_CENTER,False,False
2026-07-11_15_02,0.331983462026097,0.4762868897765232,0.31774852758895056,0.4277343676075851,0.9218116279990365,stable_escape,S3_C3_WIN_CENTER,C3__MAKURI_SASHI__IN_REMAIN__CENTER_OUTER,3,MAKURI_SASHI,IN_REMAIN,CENTER_OUTER,False,False
2026-07-11_15_03,0.2882157443539219,0.5035646304314437,0.3368990208361623,0.44777707943970907,0.950337754505439,upset_or_flat,S0_C1_ESCAPE_IN_WIN,C1__ESCAPE__IN_WIN__CENTER_OUTER,1,ESCAPE,IN_WIN,CENTER_OUTER,False,False
2026-07-11_15_04,0.2372609097605262,0.5425865402423472,0.3794408494436288,0.48745881939409397,0.9486094079941995,attack_or_collapse,S4_C4_WIN_KADO,C4__SASHI__IN_REMAIN__OUTER_CHAIN,4,SASHI,IN_REMAIN,OUTER_CHAIN,True,False
2026-07-11_15_05,0.2441351474557408,0.5380073339031837,0.35876852279445226,0.4644784327159246,0.944658004550605,attack_or_collapse,S1_C2_SASHI_IN_REMAIN,C2__SASHI__IN_REMAIN__INNER_CENTER,2,SASHI,IN_REMAIN,INNER_CENTER,False,False
2026-07-11_15_06,0.32500560370382603,0.4813966340205813,0.3292310258298814,0.44924149447852274,0.9324650108520653,stable_escape,S3_C3_WIN_CENTER,C3__MAKURI_SASHI__IN_REMAIN__CENTER_OUTER,3,MAKURI_SASHI,IN_REMAIN,CENTER_OUTER,False,False
2026-07-11_15_07,0.2634724081967114,0.5155564899677626,0.3597821057330853,0.46151098206323854,0.911708781448852,neutral,S5_OUTER_WIN_OR_CHAIN,C5__MAKURI__IN_OUT__OUTER_CHAIN,5,MAKURI,IN_OUT,OUTER_CHAIN,True,False
2026-07-11_15_08,0.3134911706997366,0.48802449505686046,0.3367295144113114,0.4410995267460487,0.9011789690788403,stable_escape,S1_C2_SASHI_IN_REMAIN,C2__SASHI__IN_REMAIN__INNER_TOP3,2,SASHI,IN_REMAIN,INNER_TOP3,False,True
2026-07-11_15_09,0.2406055344271222,0.5479039695211018,0.3955622513227855,0.4839465078915512,0.9494167563646694,attack_or_collapse,S0_C1_ESCAPE_IN_WIN,C1__ESCAPE__IN_WIN__INNER_CENTER,1,ESCAPE,IN_WIN,INNER_CENTER,False,False
2026-07-11_15_10,0.2938920711318893,0.5179471792642136,0.3933544471898335,0.4748398717962347,0.9210684727584959,attack_or_collapse,S0_C1_ESCAPE_IN_WIN,C1__ESCAPE__IN_WIN__INNER_CENTER,1,ESCAPE,IN_WIN,INNER_CENTER,False,False
2026-07-11_15_11,0.2297190888553016,0.5374838710667371,0.3618008561985845,0.47405066844616917,0.9178692349743531,attack_or_collapse,S0_C1_ESCAPE_IN_WIN,C1__MEGUMARE__IN_WIN__INNER_CENTER,1,MEGUMARE,IN_WIN,INNER_CENTER,False,False
2026-07-11_15_12,0.317555034445204,0.5013770869766576,0.3695940762083092,0.4635712909365668,0.8943286496637988,stable_escape,S0_C1_ESCAPE_IN_WIN,C1__ESCAPE__IN_WIN__MIXED,1,ESCAPE,IN_WIN,MIXED,False,False
2026-07-11_16_01,0.3415868040952702,0.4772626246052826,0.3318285702044551,0.4427902194823062,0.9148360969157087,stable_escape,S0_C1_ESCAPE_IN_WIN,C1__ESCAPE__IN_WIN__CENTER_OUTER,1,ESCAPE,IN_WIN,CENTER_OUTER,False,False
2026-07-11_16_02,0.3037303750692195,0.5158342432816208,0.38696346939067205,0.45317237493321016,0.9116195306421522,attack_or_collapse,S0_C1_ESCAPE_IN_WIN,C1__ESCAPE__IN_WIN__INNER_TOP3,1,ESCAPE,IN_WIN,INNER_TOP3,False,True
2026-07-11_16_03,0.21837713841357925,0.5489594874989168,0.3573919162289305,0.48210353134625783,0.9464517267832449,attack_or_collapse,S3_C3_WIN_CENTER,C3__NUKI__IN_REMAIN__CENTER_OUTER,3,NUKI,IN_REMAIN,CENTER_OUTER,False,False
2026-07-11_16_04,0.2001576218092931,0.5642739213669006,0.3988146414395952,0.47871222178332823,0.9454990202736941,attack_or_collapse,S1_C2_SASHI_IN_REMAIN,C2__SASHI__IN_REMAIN__MIXED,2,SASHI,IN_REMAIN,MIXED,False,False
2026-07-11_16_05,0.22328952982389508,0.5447681752927194,0.37502046550302115,0.47293893453652996,0.9409477073763305,attack_or_collapse,S0_C1_ESCAPE_IN_WIN,C1__ESCAPE__IN_WIN__MIXED,1,ESCAPE,IN_WIN,MIXED,False,False
2026-07-11_16_06,0.194749499339157,0.5609435376315528,0.3802520700000602,0.49274526465329793,0.9454531339941261,attack_or_collapse,S2_C2_WIN_IN_OUT,C2__MAKURI__IN_OUT__CENTER_OUTER,2,MAKURI,IN_OUT,CENTER_OUTER,False,False
2026-07-11_16_07,0.29774362534640636,0.5112215028866205,0.3707954517485385,0.4591958632532164,0.9056526535758127,stable_escape,S4_C4_WIN_KADO,C4__MAKURI__IN_REMAIN__OUTER_CHAIN,4,MAKURI,IN_REMAIN,OUTER_CHAIN,True,False
2026-07-11_16_08,0.2911910034270465,0.5122388126632269,0.35647879593254295,0.46110194539610205,0.9423070354734344,upset_or_flat,S1_C2_SASHI_IN_REMAIN,C2__SASHI__IN_REMAIN__INNER_CENTER,2,SASHI,IN_REMAIN,INNER_CENTER,False,False
2026-07-11_16_09,0.29554838783645493,0.5175232464764236,0.392792665610442,0.457319362690493,0.9218996246976183,attack_or_collapse,S3_C3_WIN_CENTER,C3__MAKURI_SASHI__IN_REMAIN__CENTER_OUTER,3,MAKURI_SASHI,IN_REMAIN,CENTER_OUTER,False,False
2026-07-11_16_10,0.1899949948845485,0.5729966476648398,0.3960358651111874,0.4991058558204081,0.9478510863514893,attack_or_collapse,S3_C3_WIN_CENTER,C3__MAKURI__IN_OUT__CENTER_OUTER,3,MAKURI,IN_OUT,CENTER_OUTER,False,False
2026-07-11_16_11,0.24220948542582899,0.5214323706883306,0.3315140366017345,0.45508677126693853,0.9104501389867313,neutral,S0_C1_ESCAPE_IN_WIN,C1__ESCAPE__IN_WIN__CENTER_OUTER,1,ESCAPE,IN_WIN,CENTER_OUTER,False,False
2026-07-11_16_12,0.2773242061215192,0.5108117898998981,0.35440220078559825,0.44162924387114133,0.9030150530409228,neutral,S0_C1_ESCAPE_IN_WIN,C1__ESCAPE__IN_WIN__CENTER_OUTER,1,ESCAPE,IN_WIN,CENTER_OUTER,False,False
2026-07-11_19_01,0.2053036192648075,0.5408298545050635,0.3437464064317217,0.4648404785237274,0.9482738931373531,attack_or_collapse,S2_C2_WIN_IN_OUT,C2__MAKURI__IN_OUT__OUTER_CHAIN,2,MAKURI,IN_OUT,OUTER_CHAIN,True,False
2026-07-11_19_02,0.32363990110503466,0.4790370776026155,0.33256805106981907,0.42256924785874667,0.8997184098846798,stable_escape,S0_C1_ESCAPE_IN_WIN,C1__ESCAPE__IN_WIN__MIXED,1,ESCAPE,IN_WIN,MIXED,False,False
2026-07-11_19_03,0.30304436851107186,0.47907265133399124,0.30404819158238744,0.4357288075451636,0.9138146541567833,stable_escape,S5_OUTER_WIN_OR_CHAIN,C6__MAKURI__IN_REMAIN__OUTER_CHAIN,6,MAKURI,IN_REMAIN,OUTER_CHAIN,True,False
2026-07-11_19_04,0.25009292717100445,0.5294071676940788,0.37303375032294267,0.47279796932299384,0.9006638752256696,upset_or_flat,S0_C1_ESCAPE_IN_WIN,C1__ESCAPE__IN_WIN__CENTER_OUTER,1,ESCAPE,IN_WIN,CENTER_OUTER,False,False
2026-07-11_19_05,0.32586884318972237,0.4955907827131492,0.3566167289783604,0.4407298534616705,0.9092449194927854,stable_escape,S0_C1_ESCAPE_IN_WIN,C1__ESCAPE__IN_WIN__INNER_TOP3,1,ESCAPE,IN_WIN,INNER_TOP3,False,True
2026-07-11_19_06,0.28555599469259824,0.5313660570495553,0.3857152305712378,0.44925316201374577,0.9385837401064892,attack_or_collapse,S2_C2_WIN_IN_OUT,C2__NUKI__IN_REMAIN__INNER_TOP3,2,NUKI,IN_REMAIN,INNER_TOP3,False,True
2026-07-11_19_07,0.31083145493215236,0.4800159976079112,0.30550319336168485,0.43281335406004884,0.9037959251788532,stable_escape,S0_C1_ESCAPE_IN_WIN,C1__ESCAPE__IN_WIN__CENTER_OUTER,1,ESCAPE,IN_WIN,CENTER_OUTER,False,False
2026-07-11_19_08,0.3088105871244845,0.49922033551623324,0.35597227391867103,0.4444935863699533,0.9001678133558498,stable_escape,S0_C1_ESCAPE_IN_WIN,C1__ESCAPE__IN_WIN__OUTER_CHAIN,1,ESCAPE,IN_WIN,OUTER_CHAIN,True,False
2026-07-11_19_09,0.23017818315355715,0.548982357675651,0.3692615772420917,0.4724986380216868,0.9446198586876466,attack_or_collapse,S5_OUTER_WIN_OR_CHAIN,C6__MAKURI__IN_OUT__OUTER_CHAIN,6,MAKURI,IN_OUT,OUTER_CHAIN,True,False
2026-07-11_19_10,0.23721337086615185,0.543553605688256,0.3917536973950741,0.462599878463544,0.898567793805765,attack_or_collapse,S0_C1_ESCAPE_IN_WIN,C1__ESCAPE__IN_WIN__INNER_TOP3,1,ESCAPE,IN_WIN,INNER_TOP3,False,True
2026-07-11_19_11,0.2634927827712781,0.518283207274751,0.3503281488639578,0.46445757562891427,0.8998001516790103,neutral,S0_C1_ESCAPE_IN_WIN,C1__ESCAPE__IN_WIN__MIXED,1,ESCAPE,IN_WIN,MIXED,False,False
2026-07-11_19_12,0.31284914436152955,0.49117301211593284,0.33883991829557797,0.4472879659157494,0.9015411142490413,stable_escape,S0_C1_ESCAPE_IN_WIN,C1__ESCAPE__IN_WIN__INNER_TOP3,1,ESCAPE,IN_WIN,INNER_TOP3,False,True
2026-07-11_20_01,0.2713063374801162,0.5267600749287213,0.3895877646558058,0.4629834227039481,0.9416113925442099,attack_or_collapse,S5_OUTER_WIN_OR_CHAIN,C5__MAKURI__IN_REMAIN__OUTER_CHAIN,5,MAKURI,IN_REMAIN,OUTER_CHAIN,True,False
2026-07-11_20_02,0.20129869822305957,0.5623025997078572,0.3849978353437489,0.4807436001682953,0.9520475487797986,attack_or_collapse,S0_C1_ESCAPE_IN_WIN,C1__ESCAPE__IN_WIN__MIXED,1,ESCAPE,IN_WIN,MIXED,False,False
2026-07-11_20_03,0.27895443896318944,0.5132807917276205,0.36007414329937343,0.4610000528166435,0.8966668557860518,neutral,S0_C1_ESCAPE_IN_WIN,C1__ESCAPE__IN_WIN__CENTER_OUTER,1,ESCAPE,IN_WIN,CENTER_OUTER,False,False
2026-07-11_20_04,0.2673049240793557,0.5335366357256084,0.3991620028827557,0.47214839136090636,0.9259432427414187,attack_or_collapse,S0_C1_ESCAPE_IN_WIN,C1__ESCAPE__IN_WIN__CENTER_OUTER,1,ESCAPE,IN_WIN,CENTER_OUTER,False,False
2026-07-11_20_05,0.3459254557622487,0.4762725762353687,0.3272932876209244,0.42712417797758784,0.8956223638835344,stable_escape,S0_C1_ESCAPE_IN_WIN,C1__ESCAPE__IN_WIN__INNER_CENTER,1,ESCAPE,IN_WIN,INNER_CENTER,False,False
2026-07-11_20_06,0.2890367312785829,0.5018761825172838,0.3387374474133452,0.4305906898888636,0.9281733969716996,neutral,S0_C1_ESCAPE_IN_WIN,C1__ESCAPE__IN_WIN__INNER_TOP3,1,ESCAPE,IN_WIN,INNER_TOP3,False,True
2026-07-11_20_07,0.2947408696388255,0.5146833514565693,0.38409772127161473,0.46910181983332383,0.9133424695294061,attack_or_collapse,S4_C4_WIN_KADO,C4__MEGUMARE__IN_OUT__OUTER_CHAIN,4,MEGUMARE,IN_OUT,OUTER_CHAIN,True,False
2026-07-11_20_08,0.2664149975934205,0.5147004805935345,0.35512483729030986,0.4637536144889101,0.910596627079262,neutral,S0_C1_ESCAPE_IN_WIN,C1__ESCAPE__IN_WIN__CENTER_OUTER,1,ESCAPE,IN_WIN,CENTER_OUTER,False,False
2026-07-11_20_09,0.30989918262233723,0.500320468493557,0.364842735219267,0.4566035914530119,0.8897223682874542,stable_escape,S1_C2_SASHI_IN_REMAIN,C2__SASHI__IN_REMAIN__INNER_CENTER,2,SASHI,IN_REMAIN,INNER_CENTER,False,False
2026-07-11_20_10,0.31971315999142985,0.49904650219661695,0.3469256782340069,0.4524700565919463,0.8905704893759263,stable_escape,S0_C1_ESCAPE_IN_WIN,C1__ESCAPE__IN_WIN__MIXED,1,ESCAPE,IN_WIN,MIXED,False,False
2026-07-11_20_11,0.27680272947298457,0.5243262542513398,0.376021566569664,0.45725459099275867,0.8992811303065884,neutral,S0_C1_ESCAPE_IN_WIN,C1__ESCAPE__IN_WIN__CENTER_OUTER,1,ESCAPE,IN_WIN,CENTER_OUTER,False,False
2026-07-11_20_12,0.2603463144092258,0.5098547755133078,0.32541393718431183,0.444023772400333,0.8966319353220081,neutral,S4_C4_WIN_KADO,C4__MAKURI__IN_OUT__OUTER_CHAIN,4,MAKURI,IN_OUT,OUTER_CHAIN,True,False
2026-07-11_22_01,0.3387064644596359,0.4760860808834021,0.31876729628457995,0.4314134293891325,0.8886551463145771,stable_escape,S0_C1_ESCAPE_IN_WIN,C1__ESCAPE__IN_WIN__INNER_CENTER,1,ESCAPE,IN_WIN,INNER_CENTER,False,False
2026-07-11_22_02,0.19854394806533626,0.5501647980677014,0.33766621712272393,0.4638098897190272,0.9506796343834241,attack_or_collapse,S2_C2_WIN_IN_OUT,C2__SASHI__IN_OUT__OUTER_CHAIN,2,SASHI,IN_OUT,OUTER_CHAIN,True,False
2026-07-11_22_03,0.260190095647451,0.5259335030237244,0.3650342017512028,0.4666115863924909,0.9341900243898773,neutral,S4_C4_WIN_KADO,C4__MAKURI_SASHI__IN_OUT__OUTER_CHAIN,4,MAKURI_SASHI,IN_OUT,OUTER_CHAIN,True,False
2026-07-11_22_04,0.27208232678444305,0.521777446908497,0.3789350932400159,0.4706756453247539,0.9492397499139229,attack_or_collapse,S0_C1_ESCAPE_IN_WIN,C1__ESCAPE__IN_WIN__CENTER_OUTER,1,ESCAPE,IN_WIN,CENTER_OUTER,False,False
2026-07-11_22_05,0.2470970310547157,0.5261783707495347,0.36170771860834905,0.476145287561146,0.9488596090652718,upset_or_flat,S5_OUTER_WIN_OR_CHAIN,C5__MAKURI_SASHI__IN_OUT__OUTER_CHAIN,5,MAKURI_SASHI,IN_OUT,OUTER_CHAIN,True,False
2026-07-11_22_06,0.28145269574712267,0.4948291590729553,0.3073846685200658,0.4384834211779042,0.941922184375266,upset_or_flat,S5_OUTER_WIN_OR_CHAIN,C6__NUKI__IN_OUT__CENTER_OUTER,6,NUKI,IN_OUT,CENTER_OUTER,False,False
2026-07-11_22_07,0.26958619511226195,0.5452781009103981,0.4277010087563341,0.4843966235503359,0.9097969832751356,attack_or_collapse,S0_C1_ESCAPE_IN_WIN,C1__ESCAPE__IN_WIN__OUTER_CHAIN,1,ESCAPE,IN_WIN,OUTER_CHAIN,True,False
2026-07-11_22_08,0.28426325412575315,0.4954951906686656,0.3143975833696531,0.4417647809211501,0.9088764907871838,neutral,S0_C1_ESCAPE_IN_WIN,C1__ESCAPE__IN_WIN__MIXED,1,ESCAPE,IN_WIN,MIXED,False,False
2026-07-11_22_09,0.2917475689517236,0.5231460621905104,0.40184622419601174,0.47181305193629947,0.922587081834048,attack_or_collapse,S0_C1_ESCAPE_IN_WIN,C1__ESCAPE__IN_WIN__CENTER_OUTER,1,ESCAPE,IN_WIN,CENTER_OUTER,False,False
2026-07-11_22_10,0.30411944937017493,0.49134654361138724,0.3270093926518524,0.4342110581177714,0.8923998040775049,stable_escape,S0_C1_ESCAPE_IN_WIN,C1__ESCAPE__IN_WIN__INNER_TOP3,1,ESCAPE,IN_WIN,INNER_TOP3,False,True
2026-07-11_22_11,0.25813165970645985,0.5165470294111416,0.3245518244772581,0.45101858801493144,0.899517885376705,neutral,S4_C4_WIN_KADO,C4__NUKI__IN_OUT__OUTER_CHAIN,4,NUKI,IN_OUT,OUTER_CHAIN,True,False
2026-07-11_22_12,0.30674237124685816,0.4882778125471781,0.3407953144023299,0.4289603162753456,0.8949673293124668,stable_escape,S0_C1_ESCAPE_IN_WIN,C1__ESCAPE__IN_WIN__INNER_TOP3,1,ESCAPE,IN_WIN,INNER_TOP3,False,True
2026-07-11_23_01,0.3581125267612482,0.4672357068333085,0.3082452813354023,0.42633182620217713,0.901910170969409,stable_escape,S0_C1_ESCAPE_IN_WIN,C1__ESCAPE__IN_WIN__INNER_TOP3,1,ESCAPE,IN_WIN,INNER_TOP3,False,True
2026-07-11_23_02,0.3008445675293665,0.5269375374315568,0.39528969709361195,0.4583300808828237,0.9188230631058082,attack_or_collapse,S1_C2_SASHI_IN_REMAIN,C2__SASHI__IN_REMAIN__MIXED,2,SASHI,IN_REMAIN,MIXED,False,False
2026-07-11_23_03,0.2939749461282704,0.5079588468551643,0.3395016689229676,0.44740023912860133,0.9000710510730014,stable_escape,S0_C1_ESCAPE_IN_WIN,C1__ESCAPE__IN_WIN__INNER_TOP3,1,ESCAPE,IN_WIN,INNER_TOP3,False,True
2026-07-11_23_04,0.22889729973143297,0.5574260935593349,0.40047196082238745,0.4841542433596969,0.9380347287512873,attack_or_collapse,S0_C1_ESCAPE_IN_WIN,C1__ESCAPE__IN_WIN__OUTER_CHAIN,1,ESCAPE,IN_WIN,OUTER_CHAIN,True,False
2026-07-11_23_05,0.32412833139473624,0.506880788808654,0.38810419497900744,0.47674660218798,0.9166292786441171,attack_or_collapse,S0_C1_ESCAPE_IN_WIN,C1__MEGUMARE__IN_WIN__OUTER_CHAIN,1,MEGUMARE,IN_WIN,OUTER_CHAIN,True,False
2026-07-11_23_06,0.25603382774673605,0.5186315413348196,0.3386234424557777,0.4614068382329478,0.9427364002340769,upset_or_flat,S1_C2_SASHI_IN_REMAIN,C2__SASHI__IN_REMAIN__MIXED,2,SASHI,IN_REMAIN,MIXED,False,False
2026-07-11_23_07,0.2618434856533283,0.5381690655728069,0.3948921126261191,0.48687820854461245,0.9196207340519331,attack_or_collapse,S4_C4_WIN_KADO,C4__SASHI__IN_REMAIN__INNER_CENTER,4,SASHI,IN_REMAIN,INNER_CENTER,False,False
2026-07-11_23_08,0.22796131898593086,0.5314437864768071,0.35950173750643405,0.46367405250032495,0.9440504860978101,upset_or_flat,S5_OUTER_WIN_OR_CHAIN,C5__NUKI__IN_REMAIN__MIXED,5,NUKI,IN_REMAIN,MIXED,False,False
2026-07-11_23_09,0.19166501777584005,0.5502385203369421,0.346757214685754,0.47365782771648696,0.9479639301739888,attack_or_collapse,S2_C2_WIN_IN_OUT,C2__MAKURI__IN_OUT__CENTER_OUTER,2,MAKURI,IN_OUT,CENTER_OUTER,False,False
2026-07-11_23_10,0.23346615348109576,0.5517417982384495,0.40157358445598323,0.48776065353563863,0.9479197925076652,attack_or_collapse,S5_OUTER_WIN_OR_CHAIN,C5__NUKI__IN_OUT__CENTER_OUTER,5,NUKI,IN_OUT,CENTER_OUTER,False,False
2026-07-11_23_11,0.18288111298622095,0.5654752851348233,0.3510134503053236,0.471450866479012,0.9508152039607333,attack_or_collapse,S1_C2_SASHI_IN_REMAIN,C2__SASHI__IN_REMAIN__INNER_TOP3,2,SASHI,IN_REMAIN,INNER_TOP3,False,True
2026-07-11_23_12,0.31858652449703573,0.4966339577308709,0.36744683384130716,0.4592021940462573,0.8903104158771891,stable_escape,S0_C1_ESCAPE_IN_WIN,C1__ESCAPE__IN_WIN__OUTER_CHAIN,1,ESCAPE,IN_WIN,OUTER_CHAIN,True,False
2026-07-12_02_01,0.20719794897962499,0.5590755708412583,0.3930491752688469,0.4850286578699542,0.9150760692588813,attack_or_collapse,S0_C1_ESCAPE_IN_WIN,C1__ESCAPE__IN_WIN__INNER_CENTER,1,ESCAPE,IN_WIN,INNER_CENTER,False,False
2026-07-12_02_02,0.32152531088760444,0.49336142781536546,0.36451061815839136,0.45768773104275706,0.8974850537888923,stable_escape,S0_C1_ESCAPE_IN_WIN,C1__ESCAPE__IN_WIN__INNER_TOP3,1,ESCAPE,IN_WIN,INNER_TOP3,False,True
2026-07-12_02_03,0.31185731684821233,0.5079956429260173,0.3847152395163453,0.4675932694572038,0.9064066736333576,attack_or_collapse,S0_C1_ESCAPE_IN_WIN,C1__ESCAPE__IN_WIN__CENTER_OUTER,1,ESCAPE,IN_WIN,CENTER_OUTER,False,False
2026-07-12_02_04,0.245137007401131,0.5463181429286916,0.40452430201503503,0.4774665897302184,0.9232009866586322,attack_or_collapse,S4_C4_WIN_KADO,C4__MAKURI__IN_OUT__OUTER_CHAIN,4,MAKURI,IN_OUT,OUTER_CHAIN,True,False
2026-07-12_02_05,0.24759557559450332,0.5410766448242446,0.3858252505832471,0.47953282977975575,0.9296609003668461,attack_or_collapse,S0_C1_ESCAPE_IN_WIN,C1__ESCAPE__IN_WIN__CENTER_OUTER,1,ESCAPE,IN_WIN,CENTER_OUTER,False,False
2026-07-12_02_06,0.22500906044243346,0.5407510399234021,0.3702027198531753,0.46538857120442023,0.9145428915439109,attack_or_collapse,S1_C2_SASHI_IN_REMAIN,C2__SASHI__IN_REMAIN__INNER_TOP3,2,SASHI,IN_REMAIN,INNER_TOP3,False,True
2026-07-12_02_07,0.25870561617999144,0.5320333654780047,0.35569107273301326,0.4451676062444034,0.8999979222599508,neutral,S0_C1_ESCAPE_IN_WIN,C1__ESCAPE__IN_WIN__CENTER_OUTER,1,ESCAPE,IN_WIN,CENTER_OUTER,False,False
2026-07-12_02_08,0.2594831768526853,0.5225049068252988,0.3581081810580208,0.4566110873663171,0.9075336146057209,neutral,S0_C1_ESCAPE_IN_WIN,C1__ESCAPE__IN_WIN__INNER_TOP3,1,ESCAPE,IN_WIN,INNER_TOP3,False,True
2026-07-12_02_09,0.3207018701967422,0.5027811356488034,0.3547619190347211,0.45393579325331457,0.9056888835562187,stable_escape,S0_C1_ESCAPE_IN_WIN,C1__ESCAPE__IN_WIN__INNER_TOP3,1,ESCAPE,IN_WIN,INNER_TOP3,False,True
2026-07-12_02_10,0.3157623972722721,0.5008639081568147,0.3623137472161839,0.45175626530728324,0.9120467643256415,stable_escape,S0_C1_ESCAPE_IN_WIN,C1__ESCAPE__IN_WIN__CENTER_OUTER,1,ESCAPE,IN_WIN,CENTER_OUTER,False,False
2026-07-12_02_11,0.33569434849612245,0.49224988033849865,0.3757344630742012,0.4513585878603061,0.9064602037729881,stable_escape,S0_C1_ESCAPE_IN_WIN,C1__ESCAPE__IN_WIN__INNER_TOP3,1,ESCAPE,IN_WIN,INNER_TOP3,False,True
2026-07-12_02_12,0.25112997295197187,0.5247931095414966,0.3363534049978177,0.46193002012433904,0.9080279281429515,neutral,S3_C3_WIN_CENTER,C3__MAKURI__IN_REMAIN__CENTER_OUTER,3,MAKURI,IN_REMAIN,CENTER_OUTER,False,False
2026-07-12_03_01,0.2952708984349885,0.4981797970378841,0.3366698352301225,0.45149383664912635,0.9233548567834757,stable_escape,S0_C1_ESCAPE_IN_WIN,C1__ESCAPE__IN_WIN__INNER_TOP3,1,ESCAPE,IN_WIN,INNER_TOP3,False,True
2026-07-12_03_02,0.24989415721025077,0.538844587286808,0.3656602543851129,0.4832850082961494,0.9471132761834875,attack_or_collapse,S0_C1_ESCAPE_IN_WIN,C1__ESCAPE__IN_WIN__INNER_CENTER,1,ESCAPE,IN_WIN,INNER_CENTER,False,False
2026-07-12_03_03,0.23291104823697775,0.5435865206887054,0.35973981999353083,0.46358528908088326,0.9434249952945852,attack_or_collapse,S1_C2_SASHI_IN_REMAIN,C2__SASHI__IN_REMAIN__INNER_TOP3,2,SASHI,IN_REMAIN,INNER_TOP3,False,True
2026-07-12_03_04,0.20055480363795894,0.5423219424510829,0.34835801753685347,0.4712951616126598,0.9490491112526804,attack_or_collapse,S4_C4_WIN_KADO,C4__MAKURI__IN_REMAIN__OUTER_CHAIN,4,MAKURI,IN_REMAIN,OUTER_CHAIN,True,False
2026-07-12_03_05,0.2370732909703773,0.5353909478796111,0.3457679686494106,0.46129681357726354,0.9352193121199337,attack_or_collapse,S0_C1_ESCAPE_IN_WIN,C1__ESCAPE__IN_WIN__INNER_TOP3,1,ESCAPE,IN_WIN,INNER_TOP3,False,True
2026-07-12_03_06,0.2232382499653282,0.5617517825479279,0.39096213641774025,0.46819863553063795,0.9293193519452323,attack_or_collapse,S2_C2_WIN_IN_OUT,C2__MAKURI__IN_REMAIN__INNER_TOP3,2,MAKURI,IN_REMAIN,INNER_TOP3,False,True
2026-07-12_03_07,0.30459279313695353,0.5088597336014189,0.37194834203075156,0.46920098793485926,0.9418531940308218,upset_or_flat,S3_C3_WIN_CENTER,C3__NUKI__IN_REMAIN__CENTER_OUTER,3,NUKI,IN_REMAIN,CENTER_OUTER,False,False
2026-07-12_03_08,0.2568825193362777,0.5115295460641854,0.3278111123979051,0.4564417459828074,0.9063470073305144,neutral,S0_C1_ESCAPE_IN_WIN,C1__ESCAPE__IN_WIN__CENTER_OUTER,1,ESCAPE,IN_WIN,CENTER_OUTER,False,False
2026-07-12_03_09,0.30936305824695015,0.49492967368872026,0.3450078887545956,0.45145974569760405,0.8910598552494978,stable_escape,S0_C1_ESCAPE_IN_WIN,C1__ESCAPE__IN_WIN__MIXED,1,ESCAPE,IN_WIN,MIXED,False,False
2026-07-12_03_10,0.3200367097230192,0.4807657437115373,0.3334816753519147,0.42462886575885617,0.8809603186618595,stable_escape,S0_C1_ESCAPE_IN_WIN,C1__ESCAPE__IN_WIN__CENTER_OUTER,1,ESCAPE,IN_WIN,CENTER_OUTER,False,False
2026-07-12_03_11,0.2735830071486061,0.518090458421518,0.3649591108559337,0.47211605238863524,0.9303089727100762,upset_or_flat,S0_C1_ESCAPE_IN_WIN,C1__ESCAPE__IN_WIN__CENTER_OUTER,1,ESCAPE,IN_WIN,CENTER_OUTER,False,False
2026-07-12_03_12,0.28575484566334564,0.5196940924339766,0.3709571356515903,0.44611474586874245,0.8924420286520329,neutral,S0_C1_ESCAPE_IN_WIN,C1__ESCAPE__IN_WIN__CENTER_OUTER,1,ESCAPE,IN_WIN,CENTER_OUTER,False,False
2026-07-12_04_01,0.22308486423850712,0.5486276567627317,0.3600316769993352,0.4807296619274139,0.9340427568985243,attack_or_collapse,S0_C1_ESCAPE_IN_WIN,C1__ESCAPE__IN_WIN__MIXED,1,ESCAPE,IN_WIN,MIXED,False,False
2026-07-12_04_02,0.2948905597260847,0.5065464012916772,0.36402986126575,0.45696741966852583,0.8951857867877557,stable_escape,S0_C1_ESCAPE_IN_WIN,C1__ESCAPE__IN_WIN__MIXED,1,ESCAPE,IN_WIN,MIXED,False,False
2026-07-12_04_03,0.2701676641232107,0.5407376916342457,0.4075116648053616,0.4746441109049401,0.9393700168101451,attack_or_collapse,S1_C2_SASHI_IN_REMAIN,C2__SASHI__IN_REMAIN__INNER_TOP3,2,SASHI,IN_REMAIN,INNER_TOP3,False,True
2026-07-12_04_04,0.2765881617657662,0.5016581899380614,0.32763220179815666,0.449404908914605,0.9149473492117378,neutral,S0_C1_ESCAPE_IN_WIN,C1__ESCAPE__IN_WIN__OUTER_CHAIN,1,ESCAPE,IN_WIN,OUTER_CHAIN,True,False
2026-07-12_04_05,0.28762944368711063,0.5095923430563138,0.3469331081034852,0.4609768921920809,0.9491711697593891,upset_or_flat,S4_C4_WIN_KADO,C4__SASHI__IN_REMAIN__OUTER_CHAIN,4,SASHI,IN_REMAIN,OUTER_CHAIN,True,False
2026-07-12_04_06,0.2989520029730474,0.5109100727704522,0.36195305720663096,0.46291375547170377,0.9483156290320435,upset_or_flat,S4_C4_WIN_KADO,C4__MAKURI_SASHI__IN_REMAIN__CENTER_OUTER,4,MAKURI_SASHI,IN_REMAIN,CENTER_OUTER,False,False
2026-07-12_04_07,0.30959652437224405,0.5012174237643021,0.35857085523268173,0.4566104478820379,0.9192859226015515,stable_escape,S4_C4_WIN_KADO,C4__SASHI__IN_REMAIN__INNER_CENTER,4,SASHI,IN_REMAIN,INNER_CENTER,False,False
2026-07-12_04_08,0.2969168275735972,0.53207034836853,0.43064323017850814,0.4816074028388826,0.9175642309136632,attack_or_collapse,S4_C4_WIN_KADO,C4__MAKURI_SASHI__IN_REMAIN__OUTER_CHAIN,4,MAKURI_SASHI,IN_REMAIN,OUTER_CHAIN,True,False
2026-07-12_04_09,0.2580340950898108,0.5371592501019471,0.3978031800922589,0.4770185048491098,0.9199163452969905,attack_or_collapse,S3_C3_WIN_CENTER,C3__MAKURI_SASHI__IN_REMAIN__CENTER_OUTER,3,MAKURI_SASHI,IN_REMAIN,CENTER_OUTER,False,False
2026-07-12_04_10,0.2562623243761654,0.516069061243497,0.364967813392671,0.460503078200995,0.920124171931034,neutral,S0_C1_ESCAPE_IN_WIN,C1__ESCAPE__IN_WIN__INNER_CENTER,1,ESCAPE,IN_WIN,INNER_CENTER,False,False
2026-07-12_04_11,0.30012547008682544,0.504822992268855,0.36821714104345016,0.4609810779858816,0.9075962936205375,stable_escape,S0_C1_ESCAPE_IN_WIN,C1__ESCAPE__IN_WIN__INNER_CENTER,1,ESCAPE,IN_WIN,INNER_CENTER,False,False
2026-07-12_04_12,0.3092529614894947,0.49550157823134533,0.351442728798658,0.4517738207213755,0.898253232839769,stable_escape,S5_OUTER_WIN_OR_CHAIN,C5__NUKI__IN_REMAIN__CENTER_OUTER,5,NUKI,IN_REMAIN,CENTER_OUTER,False,False
2026-07-12_05_01,0.2560194458367482,0.5376585849482439,0.3953935206022093,0.47036223325736537,0.906815808330533,attack_or_collapse,S5_OUTER_WIN_OR_CHAIN,C5__MAKURI_SASHI__IN_OUT__OUTER_CHAIN,5,MAKURI_SASHI,IN_OUT,OUTER_CHAIN,True,False
2026-07-12_05_02,0.20623478525349853,0.5655941211236684,0.4078436448055162,0.5006197391779382,0.9432491166488993,attack_or_collapse,S4_C4_WIN_KADO,C4__MAKURI__IN_REMAIN__CENTER_OUTER,4,MAKURI,IN_REMAIN,CENTER_OUTER,False,False
2026-07-12_05_03,0.28179306638568724,0.5222733686395418,0.38718945718924946,0.468129503434396,0.9463958090046504,attack_or_collapse,S0_C1_ESCAPE_IN_WIN,C1__ESCAPE__IN_WIN__INNER_CENTER,1,ESCAPE,IN_WIN,INNER_CENTER,False,False
2026-07-12_05_04,0.25608599153871753,0.5153122007280841,0.34093076006419354,0.4620808574133016,0.930975122164835,neutral,S0_C1_ESCAPE_IN_WIN,C1__ESCAPE__IN_WIN__MIXED,1,ESCAPE,IN_WIN,MIXED,False,False
2026-07-12_05_05,0.24683547352333593,0.5386299601769025,0.37680451966496753,0.4801275615545042,0.9517739732476319,attack_or_collapse,S2_C2_WIN_IN_OUT,C2__MAKURI__IN_OUT__CENTER_OUTER,2,MAKURI,IN_OUT,CENTER_OUTER,False,False
2026-07-12_05_06,0.2018660503944822,0.5358158252136098,0.3310505805582412,0.4671873334101197,0.9504315412718584,attack_or_collapse,S3_C3_WIN_CENTER,C3__MAKURI__IN_REMAIN__CENTER_OUTER,3,MAKURI,IN_REMAIN,CENTER_OUTER,False,False
2026-07-12_05_07,0.2687471674840113,0.5021999995958124,0.36885353713609903,0.4510143882995447,0.9129526209261534,neutral,S0_C1_ESCAPE_IN_WIN,C1__ESCAPE__IN_WIN__CENTER_OUTER,1,ESCAPE,IN_WIN,CENTER_OUTER,False,False
2026-07-12_05_08,0.2906356150450177,0.504696034811777,0.34695288584531003,0.44884916707337774,0.9002981600665112,neutral,S0_C1_ESCAPE_IN_WIN,C1__ESCAPE__IN_WIN__INNER_TOP3,1,ESCAPE,IN_WIN,INNER_TOP3,False,True
2026-07-12_05_09,0.31364830869255395,0.4917890131142633,0.3530578949959145,0.43593894498197455,0.893042684742442,stable_escape,S0_C1_ESCAPE_IN_WIN,C1__ESCAPE__IN_WIN__MIXED,1,ESCAPE,IN_WIN,MIXED,False,False
2026-07-12_05_10,0.2832661934427697,0.5058429108728708,0.3440075130279575,0.45589383060307553,0.9461641862457764,upset_or_flat,S0_C1_ESCAPE_IN_WIN,C1__ESCAPE__IN_WIN__INNER_CENTER,1,ESCAPE,IN_WIN,INNER_CENTER,False,False
2026-07-12_05_11,0.31479449246196517,0.48644886617686484,0.34239791722017043,0.452868711228829,0.9142567427250612,stable_escape,S2_C2_WIN_IN_OUT,C2__MAKURI__IN_OUT__CENTER_OUTER,2,MAKURI,IN_OUT,CENTER_OUTER,False,False
2026-07-12_05_12,0.21574700568124422,0.561773136680755,0.3792301614095547,0.46246059789881777,0.9264485902531008,attack_or_collapse,S5_OUTER_WIN_OR_CHAIN,C5__MAKURI_SASHI__IN_OUT__OUTER_CHAIN,5,MAKURI_SASHI,IN_OUT,OUTER_CHAIN,True,False
2026-07-12_06_01,0.2668187095691346,0.5323212647833458,0.39370704833240205,0.47054543538681753,0.9418269628763355,attack_or_collapse,S0_C1_ESCAPE_IN_WIN,C1__ESCAPE__IN_WIN__INNER_TOP3,1,ESCAPE,IN_WIN,INNER_TOP3,False,True
2026-07-12_06_02,0.19598533867811546,0.5678717345141446,0.402486656700018,0.49070125866650627,0.9513314828246464,attack_or_collapse,S0_C1_ESCAPE_IN_WIN,C1__ESCAPE__IN_WIN__CENTER_OUTER,1,ESCAPE,IN_WIN,CENTER_OUTER,False,False
2026-07-12_06_03,0.23454634806295416,0.5567565563038969,0.416046550404183,0.49047849897319534,0.9161665765917755,attack_or_collapse,S0_C1_ESCAPE_IN_WIN,C1__ESCAPE__IN_REMAIN__INNER_TOP3,1,ESCAPE,IN_REMAIN,INNER_TOP3,False,True
2026-07-12_06_04,0.21856545135092106,0.5507912999041169,0.38775117747549437,0.4709677567527347,0.9540157308058691,attack_or_collapse,S4_C4_WIN_KADO,C4__MAKURI__IN_OUT__OUTER_CHAIN,4,MAKURI,IN_OUT,OUTER_CHAIN,True,False
2026-07-12_06_05,0.24822593024622838,0.5312055315162947,0.36522178458076127,0.46299880975972996,0.9495408193375031,upset_or_flat,S3_C3_WIN_CENTER,C3__SASHI__IN_REMAIN__CENTER_OUTER,3,SASHI,IN_REMAIN,CENTER_OUTER,False,False
2026-07-12_06_06,0.28805113868626936,0.500572974288979,0.3459419746962974,0.4581305239580332,0.9445229091013407,upset_or_flat,S0_C1_ESCAPE_IN_WIN,C1__ESCAPE__IN_WIN__MIXED,1,ESCAPE,IN_WIN,MIXED,False,False
2026-07-12_06_07,0.27873697311726797,0.5061788152978991,0.35054727313849304,0.4486287801663107,0.922342883819035,neutral,S0_C1_ESCAPE_IN_WIN,C1__ESCAPE__IN_WIN__CENTER_OUTER,1,ESCAPE,IN_WIN,CENTER_OUTER,False,False
2026-07-12_06_08,0.2780757456664635,0.509008149339196,0.3552307077423647,0.4658596893065696,0.9480805311130677,upset_or_flat,S5_OUTER_WIN_OR_CHAIN,C5__MAKURI__IN_REMAIN__OUTER_CHAIN,5,MAKURI,IN_REMAIN,OUTER_CHAIN,True,False
2026-07-12_06_09,0.25658859850241555,0.5316514721808392,0.3700910349361692,0.4698872876254574,0.9267407130010429,neutral,S1_C2_SASHI_IN_REMAIN,C2__SASHI__IN_REMAIN__INNER_CENTER,2,SASHI,IN_REMAIN,INNER_CENTER,False,False
2026-07-12_06_10,0.3425048723452297,0.4751531929869754,0.32890972327172024,0.428685045290474,0.9115876546309895,stable_escape,S0_C1_ESCAPE_IN_WIN,C1__ESCAPE__IN_WIN__INNER_CENTER,1,ESCAPE,IN_WIN,INNER_CENTER,False,False
2026-07-12_06_11,0.3009194299463761,0.5025495233275032,0.35302987545290576,0.44530379499721057,0.889485586644534,stable_escape,S0_C1_ESCAPE_IN_WIN,C1__NUKI__IN_WIN__CENTER_OUTER,1,NUKI,IN_WIN,CENTER_OUTER,False,False
2026-07-12_06_12,0.28817402957059624,0.49779582536585043,0.33650536421466826,0.4460266891081057,0.9016885275604061,neutral,S0_C1_ESCAPE_IN_WIN,C1__ESCAPE__IN_WIN__CENTER_OUTER,1,ESCAPE,IN_WIN,CENTER_OUTER,False,False
2026-07-12_08_01,0.22485077811699805,0.5395356013260937,0.3555979543134584,0.4645773705334407,0.8904848415728297,attack_or_collapse,S0_C1_ESCAPE_IN_WIN,C1__ESCAPE__IN_WIN__INNER_TOP3,1,ESCAPE,IN_WIN,INNER_TOP3,False,True
2026-07-12_08_02,0.23464133154422329,0.5338029679091797,0.3539509500167378,0.4634974511136236,0.9453983268573734,upset_or_flat,S3_C3_WIN_CENTER,C3__NUKI__IN_OUT__OUTER_CHAIN,3,NUKI,IN_OUT,OUTER_CHAIN,True,False
2026-07-12_08_03,0.2531529179208622,0.5544023657324925,0.4303311834479336,0.4922795066365366,0.9509118352991739,attack_or_collapse,S3_C3_WIN_CENTER,C3__MAKURI__IN_OUT__CENTER_OUTER,3,MAKURI,IN_OUT,CENTER_OUTER,False,False
2026-07-12_08_04,0.22373356420947424,0.5519883828804701,0.38232588836992654,0.47069835395616166,0.9393532482455325,attack_or_collapse,S2_C2_WIN_IN_OUT,C2__MAKURI__IN_OUT__CENTER_OUTER,2,MAKURI,IN_OUT,CENTER_OUTER,False,False
2026-07-12_08_05,0.2313205388934374,0.5619897128033757,0.4239749071590856,0.4908272403131434,0.9487321153173164,attack_or_collapse,S4_C4_WIN_KADO,C4__SASHI__IN_OUT__CENTER_OUTER,4,SASHI,IN_OUT,CENTER_OUTER,False,False
2026-07-12_08_06,0.3123563929189327,0.49701102844775985,0.3294907625236502,0.43862167973299604,0.8999726719578269,stable_escape,S0_C1_ESCAPE_IN_WIN,C1__ESCAPE__IN_WIN__INNER_TOP3,1,ESCAPE,IN_WIN,INNER_TOP3,False,True
2026-07-12_08_07,0.2530255178211237,0.5500520446319632,0.40591272556290325,0.4751267535441926,0.945678624157329,attack_or_collapse,S4_C4_WIN_KADO,C4__SASHI__IN_REMAIN__INNER_CENTER,4,SASHI,IN_REMAIN,INNER_CENTER,False,False
2026-07-12_08_08,0.2640072084720155,0.5264135217260157,0.35114316925402067,0.4659157068495017,0.9497410273590349,upset_or_flat,S0_C1_ESCAPE_IN_WIN,C1__ESCAPE__IN_WIN__OUTER_CHAIN,1,ESCAPE,IN_WIN,OUTER_CHAIN,True,False
2026-07-12_08_09,0.270517882040014,0.5238960257995571,0.3663914620892741,0.45865393567917273,0.9502328231728712,upset_or_flat,S1_C2_SASHI_IN_REMAIN,C2__SASHI__IN_REMAIN__INNER_CENTER,2,SASHI,IN_REMAIN,INNER_CENTER,False,False
2026-07-12_08_10,0.23780732909150473,0.5379396921978159,0.36536853314959605,0.46360894825449,0.9190601652703974,attack_or_collapse,S3_C3_WIN_CENTER,C3__NUKI__IN_REMAIN__CENTER_OUTER,3,NUKI,IN_REMAIN,CENTER_OUTER,False,False
2026-07-12_08_11,0.19993342934344838,0.5717167983500206,0.4026801766627872,0.48089128500633577,0.9404492640671364,attack_or_collapse,S0_C1_ESCAPE_IN_WIN,C1__ESCAPE__IN_WIN__CENTER_OUTER,1,ESCAPE,IN_WIN,CENTER_OUTER,False,False
2026-07-12_08_12,0.24621060279125123,0.5249488562674811,0.34759218929030566,0.4673108750911398,0.9070390033636853,neutral,S0_C1_ESCAPE_IN_WIN,C1__ESCAPE__IN_WIN__CENTER_OUTER,1,ESCAPE,IN_WIN,CENTER_OUTER,False,False
2026-07-12_09_01,0.2801171408830073,0.5116193131668971,0.3656415638856562,0.4643172832621711,0.8980341006291976,neutral,S0_C1_ESCAPE_IN_WIN,C1__ESCAPE__IN_WIN__CENTER_OUTER,1,ESCAPE,IN_WIN,CENTER_OUTER,False,False
2026-07-12_09_02,0.3077994617448935,0.5018100306622149,0.35739569433430385,0.4433358625089147,0.9129429593045777,stable_escape,S2_C2_WIN_IN_OUT,C2__NUKI__IN_REMAIN__INNER_TOP3,2,NUKI,IN_REMAIN,INNER_TOP3,False,True
2026-07-12_09_03,0.25451480315162195,0.5361249246602968,0.37897136798970693,0.48616561779211936,0.9424626692119119,attack_or_collapse,S0_C1_ESCAPE_IN_WIN,C1__ESCAPE__IN_WIN__OUTER_CHAIN,1,ESCAPE,IN_WIN,OUTER_CHAIN,True,False
2026-07-12_09_04,0.23747629979126955,0.5403927101753819,0.3833172505525799,0.4823379948439988,0.95176719655591,attack_or_collapse,S4_C4_WIN_KADO,C4__SASHI__IN_OUT__OUTER_CHAIN,4,SASHI,IN_OUT,OUTER_CHAIN,True,False
2026-07-12_09_05,0.30754331794676354,0.4985449938522233,0.34388015678029826,0.43653933509436205,0.8854824239147745,stable_escape,S0_C1_ESCAPE_IN_WIN,C1__ESCAPE__IN_WIN__MIXED,1,ESCAPE,IN_WIN,MIXED,False,False
2026-07-12_09_06,0.28227643365857985,0.508228739849651,0.34856700628477405,0.4603042757090797,0.9514152281569085,upset_or_flat,S4_C4_WIN_KADO,C4__SASHI__IN_OUT__CENTER_OUTER,4,SASHI,IN_OUT,CENTER_OUTER,False,False
2026-07-12_09_07,0.2968999316777922,0.5059724596250077,0.33868696689478284,0.45468798571304564,0.9329862618680822,stable_escape,S0_C1_ESCAPE_IN_WIN,C1__ESCAPE__IN_WIN__MIXED,1,ESCAPE,IN_WIN,MIXED,False,False
2026-07-12_09_08,0.28483919670130176,0.5174911437618167,0.37133592296366275,0.4762606545167138,0.9357910014233461,upset_or_flat,S3_C3_WIN_CENTER,C3__MAKURI__IN_OUT__OUTER_CHAIN,3,MAKURI,IN_OUT,OUTER_CHAIN,True,False
2026-07-12_09_09,0.28133751507257543,0.5075887634668944,0.344373967323677,0.456633104128035,0.8986950885169113,neutral,S4_C4_WIN_KADO,C4__MAKURI__IN_REMAIN__CENTER_OUTER,4,MAKURI,IN_REMAIN,CENTER_OUTER,False,False
2026-07-12_09_10,0.24963071828475775,0.5249125228176679,0.3339969952708239,0.4521434875544063,0.9218846368068399,neutral,S2_C2_WIN_IN_OUT,C2__MAKURI__IN_OUT__OUTER_CHAIN,2,MAKURI,IN_OUT,OUTER_CHAIN,True,False
2026-07-12_09_11,0.24873919378118184,0.5456916235805739,0.4038009377101608,0.48276022436099253,0.9216009266729734,attack_or_collapse,S4_C4_WIN_KADO,C4__MAKURI_SASHI__IN_OUT__OUTER_CHAIN,4,MAKURI_SASHI,IN_OUT,OUTER_CHAIN,True,False
2026-07-12_09_12,0.2576880643543495,0.5264634517665643,0.3730420618707867,0.4618609429332091,0.9125099717778895,neutral,S0_C1_ESCAPE_IN_WIN,C1__ESCAPE__IN_WIN__MIXED,1,ESCAPE,IN_WIN,MIXED,False,False
2026-07-12_10_01,0.31351723842229606,0.5062183361978927,0.37343394793279183,0.460237911207771,0.9313869294246556,stable_escape,S3_C3_WIN_CENTER,C3__MAKURI__IN_OUT__OUTER_CHAIN,3,MAKURI,IN_OUT,OUTER_CHAIN,True,False
2026-07-12_10_02,0.2069273587396109,0.5420603601691534,0.3497070973497538,0.4766357010956892,0.953606198271849,attack_or_collapse,S5_OUTER_WIN_OR_CHAIN,C5__MAKURI_SASHI__IN_OUT__OUTER_CHAIN,5,MAKURI_SASHI,IN_OUT,OUTER_CHAIN,True,False
2026-07-12_10_03,0.2478540585704369,0.5144099751075021,0.31908862887862366,0.45558776426521047,0.9506527978060251,upset_or_flat,S5_OUTER_WIN_OR_CHAIN,C6__MAKURI__IN_OUT__OUTER_CHAIN,6,MAKURI,IN_OUT,OUTER_CHAIN,True,False
2026-07-12_10_04,0.21279236491861414,0.5727238546878586,0.4290003151705679,0.4964082611738358,0.9411114894894599,attack_or_collapse,S0_C1_ESCAPE_IN_WIN,C1__ESCAPE__IN_WIN__CENTER_OUTER,1,ESCAPE,IN_WIN,CENTER_OUTER,False,False
2026-07-12_10_05,0.24211926644709136,0.5356475629975648,0.3762719649701336,0.46739168171802825,0.9121631215029855,attack_or_collapse,S0_C1_ESCAPE_IN_WIN,C1__ESCAPE__IN_WIN__OUTER_CHAIN,1,ESCAPE,IN_WIN,OUTER_CHAIN,True,False
2026-07-12_10_06,0.23519438181852123,0.52456631226515,0.3359166140472654,0.4652184627325999,0.9481251687547868,upset_or_flat,S0_C1_ESCAPE_IN_WIN,C1__ESCAPE__IN_WIN__INNER_CENTER,1,ESCAPE,IN_WIN,INNER_CENTER,False,False
2026-07-12_10_07,0.31141863752075993,0.4882137704858318,0.33908683007896345,0.4368713263631513,0.9388967928012248,stable_escape,S3_C3_WIN_CENTER,C3__MAKURI__IN_OUT__CENTER_OUTER,3,MAKURI,IN_OUT,CENTER_OUTER,False,False
2026-07-12_10_08,0.29219459661175873,0.5157330324575564,0.38428423045928706,0.46054602845921855,0.9248829855696974,attack_or_collapse,S4_C4_WIN_KADO,C4__MAKURI__IN_OUT__OUTER_CHAIN,4,MAKURI,IN_OUT,OUTER_CHAIN,True,False
2026-07-12_10_09,0.23869614737616512,0.537773766660329,0.36067621982193443,0.4666945061233593,0.9320208252193241,attack_or_collapse,S0_C1_ESCAPE_IN_WIN,C1__ESCAPE__IN_WIN__INNER_TOP3,1,ESCAPE,IN_WIN,INNER_TOP3,False,True
2026-07-12_10_10,0.21673689337102603,0.5543731599476338,0.36956313541504904,0.4817259001782693,0.9254854196625923,attack_or_collapse,S0_C1_ESCAPE_IN_WIN,C1__ESCAPE__IN_REMAIN__INNER_CENTER,1,ESCAPE,IN_REMAIN,INNER_CENTER,False,False
2026-07-12_10_11,0.33875997899036736,0.475967487025967,0.33416101821674127,0.4388057535141181,0.9135460229550898,stable_escape,S5_OUTER_WIN_OR_CHAIN,C6__NUKI__IN_OUT__OUTER_CHAIN,6,NUKI,IN_OUT,OUTER_CHAIN,True,False
2026-07-12_10_12,0.28176934583516394,0.5166675381301913,0.3669059708083773,0.4697904667300406,0.8979665820318073,neutral,S3_C3_WIN_CENTER,C3__MAKURI__IN_REMAIN__CENTER_OUTER,3,MAKURI,IN_REMAIN,CENTER_OUTER,False,False
2026-07-12_11_01,0.31798014426518056,0.4862145505914505,0.3420973181415755,0.44751577891695904,0.907315562387336,stable_escape,S0_C1_ESCAPE_IN_WIN,C1__ESCAPE__IN_WIN__INNER_CENTER,1,ESCAPE,IN_WIN,INNER_CENTER,False,False
2026-07-12_11_02,0.2798713346048273,0.4963178882460804,0.31537455108573975,0.432375559488557,0.9010018775957359,neutral,S0_C1_ESCAPE_IN_WIN,C1__ESCAPE__IN_WIN__INNER_TOP3,1,ESCAPE,IN_WIN,INNER_TOP3,False,True
2026-07-12_11_03,0.2536308278569273,0.5190768913038226,0.33431044877594585,0.4600276036628623,0.9084513963108767,neutral,S0_C1_ESCAPE_IN_WIN,C1__ESCAPE__IN_WIN__CENTER_OUTER,1,ESCAPE,IN_WIN,CENTER_OUTER,False,False
2026-07-12_11_04,0.28700301131060924,0.5170337838931569,0.3709202312178529,0.4572155743522007,0.9151047929218696,neutral,S0_C1_ESCAPE_IN_WIN,C1__ESCAPE__IN_WIN__OUTER_CHAIN,1,ESCAPE,IN_WIN,OUTER_CHAIN,True,False
2026-07-12_11_05,0.3262872843963841,0.4816838901549969,0.3313316084931478,0.43740060270308123,0.8993220981832245,stable_escape,S0_C1_ESCAPE_IN_WIN,C1__ESCAPE__IN_WIN__INNER_TOP3,1,ESCAPE,IN_WIN,INNER_TOP3,False,True
2026-07-12_11_06,0.3038002077458945,0.5142870936661244,0.37898489914963096,0.47387109368165564,0.9023709867324443,attack_or_collapse,S0_C1_ESCAPE_IN_WIN,C1__ESCAPE__IN_WIN__CENTER_OUTER,1,ESCAPE,IN_WIN,CENTER_OUTER,False,False
2026-07-12_11_07,0.29714819661515124,0.5067929094686672,0.366777286504973,0.4402026309874319,0.8993949727103216,stable_escape,S1_C2_SASHI_IN_REMAIN,C2__SASHI__IN_REMAIN__MIXED,2,SASHI,IN_REMAIN,MIXED,False,False
2026-07-12_11_08,0.303593089770595,0.5019224573701304,0.3624594245109902,0.45579081521078185,0.8997284931581163,stable_escape,S0_C1_ESCAPE_IN_WIN,C1__ESCAPE__IN_WIN__INNER_TOP3,1,ESCAPE,IN_WIN,INNER_TOP3,False,True
2026-07-12_11_09,0.24615279498464313,0.5479723391106179,0.41289559124532005,0.4749154299890201,0.9095337470448265,attack_or_collapse,S0_C1_ESCAPE_IN_WIN,C1__ESCAPE__IN_WIN__INNER_CENTER,1,ESCAPE,IN_WIN,INNER_CENTER,False,False
2026-07-12_11_10,0.23191862067158944,0.5408833286855047,0.35139127366653694,0.4744321843560506,0.9332351631906086,attack_or_collapse,S3_C3_WIN_CENTER,C3__SASHI__IN_REMAIN__CENTER_OUTER,3,SASHI,IN_REMAIN,CENTER_OUTER,False,False
2026-07-12_11_11,0.30469740508998644,0.49690674033267906,0.34141147209470735,0.4301485149380997,0.9066263054972663,stable_escape,S0_C1_ESCAPE_IN_WIN,C1__ESCAPE__IN_WIN__INNER_CENTER,1,ESCAPE,IN_WIN,INNER_CENTER,False,False
2026-07-12_11_12,0.30024671928671204,0.5000986190661978,0.3583886837302297,0.4409379871734482,0.9016909116804886,stable_escape,S0_C1_ESCAPE_IN_WIN,C1__ESCAPE__IN_WIN__INNER_CENTER,1,ESCAPE,IN_WIN,INNER_CENTER,False,False
2026-07-12_14_01,0.24124163901732762,0.531967468535026,0.35647734200907766,0.4416554724168562,0.89154150199747,neutral,S0_C1_ESCAPE_IN_WIN,C1__ESCAPE__IN_WIN__INNER_TOP3,1,ESCAPE,IN_WIN,INNER_TOP3,False,True
2026-07-12_14_02,0.23187248265874427,0.5431707453970889,0.3596029977379575,0.47697669118444846,0.953568237315306,attack_or_collapse,S4_C4_WIN_KADO,C4__MAKURI__IN_OUT__OUTER_CHAIN,4,MAKURI,IN_OUT,OUTER_CHAIN,True,False
2026-07-12_14_03,0.3071248893667634,0.503062330071675,0.3597782497220353,0.4599229190119193,0.922474145826731,stable_escape,S0_C1_ESCAPE_IN_WIN,C1__ESCAPE__IN_WIN__CENTER_OUTER,1,ESCAPE,IN_WIN,CENTER_OUTER,False,False
2026-07-12_14_04,0.324862766976365,0.4929588925044707,0.3394031757785203,0.45597183611980074,0.9370768438672346,stable_escape,S3_C3_WIN_CENTER,C3__MAKURI__IN_OUT__CENTER_OUTER,3,MAKURI,IN_OUT,CENTER_OUTER,False,False
2026-07-12_14_05,0.21915963849215267,0.5466112928014557,0.3793590515338847,0.4749973741343462,0.9541528139522023,attack_or_collapse,S0_C1_ESCAPE_IN_WIN,C1__ESCAPE__IN_WIN__INNER_TOP3,1,ESCAPE,IN_WIN,INNER_TOP3,False,True
2026-07-12_14_06,0.2203210726205875,0.5563960218820538,0.3991750067770307,0.4968017073220007,0.9474009605744494,attack_or_collapse,S0_C1_ESCAPE_IN_WIN,C1__ESCAPE__IN_WIN__CENTER_OUTER,1,ESCAPE,IN_WIN,CENTER_OUTER,False,False
2026-07-12_14_07,0.2452184638706989,0.5227192414697988,0.36585350315906223,0.4626106578849483,0.9351807775504899,neutral,S5_OUTER_WIN_OR_CHAIN,C5__MAKURI_SASHI__IN_OUT__CENTER_OUTER,5,MAKURI_SASHI,IN_OUT,CENTER_OUTER,False,False
2026-07-12_14_08,0.29854818636305264,0.5136052907513294,0.382295877272872,0.4642478073272479,0.9320982340031836,attack_or_collapse,S0_C1_ESCAPE_IN_WIN,C1__ESCAPE__IN_WIN__INNER_TOP3,1,ESCAPE,IN_WIN,INNER_TOP3,False,True
2026-07-12_14_09,0.24913230043717163,0.5356879229320355,0.3836861233457369,0.47428215210825836,0.9367201986442795,attack_or_collapse,S2_C2_WIN_IN_OUT,C2__MAKURI__IN_OUT__CENTER_OUTER,2,MAKURI,IN_OUT,CENTER_OUTER,False,False
2026-07-12_14_10,0.2617272126452804,0.5195341563818177,0.3413788912957847,0.4550479778649723,0.9056429370301802,neutral,S0_C1_ESCAPE_IN_WIN,C1__ESCAPE__IN_WIN__MIXED,1,ESCAPE,IN_WIN,MIXED,False,False
2026-07-12_14_11,0.27624251763628865,0.5244708014688396,0.37477209822362945,0.4588952930237187,0.9182077437382189,neutral,S4_C4_WIN_KADO,C4__MAKURI__IN_REMAIN__OUTER_CHAIN,4,MAKURI,IN_REMAIN,OUTER_CHAIN,True,False
2026-07-12_14_12,0.30434939135737216,0.49884960011290747,0.34981680910581514,0.45227697270124534,0.8957078154860576,stable_escape,S0_C1_ESCAPE_IN_WIN,C1__ESCAPE__IN_WIN__INNER_CENTER,1,ESCAPE,IN_WIN,INNER_CENTER,False,False
2026-07-12_15_01,0.22735268354178725,0.5514216425044927,0.39170676757498624,0.485903345045672,0.9434891161765715,attack_or_collapse,S0_C1_ESCAPE_IN_WIN,C1__ESCAPE__IN_WIN__INNER_TOP3,1,ESCAPE,IN_WIN,INNER_TOP3,False,True
2026-07-12_15_02,0.25167270969089467,0.5349236221620239,0.37566241038056614,0.4702768053922604,0.9493420128610944,upset_or_flat,S0_C1_ESCAPE_IN_WIN,C1__ESCAPE__IN_WIN__MIXED,1,ESCAPE,IN_WIN,MIXED,False,False
2026-07-12_15_03,0.18436895314833715,0.555840890348992,0.348262469051874,0.48238068061582645,0.9466368705578259,attack_or_collapse,S0_C1_ESCAPE_IN_WIN,C1__ESCAPE__IN_WIN__INNER_TOP3,1,ESCAPE,IN_WIN,INNER_TOP3,False,True
2026-07-12_15_04,0.223661399013073,0.563425077424897,0.42011238080132524,0.505269280129318,0.9311302309549474,attack_or_collapse,S4_C4_WIN_KADO,C4__MAKURI_SASHI__IN_OUT__OUTER_CHAIN,4,MAKURI_SASHI,IN_OUT,OUTER_CHAIN,True,False
2026-07-12_15_05,0.2716920039894936,0.524711731964635,0.36243120432092646,0.4700535739029256,0.9390487476495523,neutral,S0_C1_ESCAPE_IN_WIN,C1__ESCAPE__IN_WIN__OUTER_CHAIN,1,ESCAPE,IN_WIN,OUTER_CHAIN,True,False
2026-07-12_15_06,0.23739130172009265,0.5385427693150588,0.37902650064193977,0.46174875098598184,0.9204951141090206,attack_or_collapse,S5_OUTER_WIN_OR_CHAIN,C5__MAKURI_SASHI__IN_OUT__OUTER_CHAIN,5,MAKURI_SASHI,IN_OUT,OUTER_CHAIN,True,False
2026-07-12_15_07,0.30023214492661365,0.5184602327082607,0.3774060032961567,0.447585734236943,0.9196723993366589,stable_escape,S0_C1_ESCAPE_IN_WIN,C1__NUKI__IN_WIN__INNER_TOP3,1,NUKI,IN_WIN,INNER_TOP3,False,True
2026-07-12_15_08,0.28142655501414476,0.5300757137353007,0.41282260495976203,0.47156022328080555,0.8944193805404417,attack_or_collapse,S0_C1_ESCAPE_IN_WIN,C1__ESCAPE__IN_WIN__INNER_TOP3,1,ESCAPE,IN_WIN,INNER_TOP3,False,True
2026-07-12_15_09,0.30986655331603735,0.4922698196854226,0.34806643166668216,0.44720718820315236,0.9021513332521358,stable_escape,S0_C1_ESCAPE_IN_WIN,C1__ESCAPE__IN_WIN__CENTER_OUTER,1,ESCAPE,IN_WIN,CENTER_OUTER,False,False
2026-07-12_15_10,0.24167523252375075,0.527217464097164,0.36188122971178427,0.45809137831486546,0.9034895039410644,neutral,S0_C1_ESCAPE_IN_WIN,C1__NUKI__IN_WIN__OUTER_CHAIN,1,NUKI,IN_WIN,OUTER_CHAIN,True,False
2026-07-12_15_11,0.26346821192585806,0.5185638662832501,0.368306897836382,0.46438903466324855,0.8960602942172193,neutral,S5_OUTER_WIN_OR_CHAIN,C6__MAKURI_SASHI__IN_REMAIN__OUTER_CHAIN,6,MAKURI_SASHI,IN_REMAIN,OUTER_CHAIN,True,False
2026-07-12_15_12,0.30527520673697195,0.5093431098946246,0.3873694197643933,0.46235087334686487,0.9182969020606566,attack_or_collapse,S4_C4_WIN_KADO,C4__MAKURI_SASHI__IN_REMAIN__OUTER_CHAIN,4,MAKURI_SASHI,IN_REMAIN,OUTER_CHAIN,True,False
2026-07-12_16_01,0.3435055805474533,0.4660967626205844,0.31406980784018956,0.42775562451759336,0.8825030363648168,stable_escape,S0_C1_ESCAPE_IN_WIN,C1__ESCAPE__IN_WIN__MIXED,1,ESCAPE,IN_WIN,MIXED,False,False
2026-07-12_16_02,0.2685493843352814,0.5230714124614457,0.36932506874197735,0.4752142224194957,0.9465410407153019,upset_or_flat,S1_C2_SASHI_IN_REMAIN,C2__SASHI__IN_REMAIN__INNER_CENTER,2,SASHI,IN_REMAIN,INNER_CENTER,False,False
2026-07-12_16_03,0.29599287645922034,0.5136303577454454,0.38270941221340066,0.45949005673231763,0.9015713250117348,attack_or_collapse,S0_C1_ESCAPE_IN_WIN,C1__ESCAPE__IN_WIN__INNER_CENTER,1,ESCAPE,IN_WIN,INNER_CENTER,False,False
2026-07-12_16_04,0.26606398286035177,0.5115569904207145,0.3466843020381998,0.4424757263129836,0.9245977994319676,neutral,S0_C1_ESCAPE_IN_WIN,C1__ESCAPE__IN_WIN__INNER_TOP3,1,ESCAPE,IN_WIN,INNER_TOP3,False,True
2026-07-12_16_05,0.21556566585016027,0.5538123659603138,0.3781443858258767,0.489261874997492,0.9403457088066602,attack_or_collapse,S0_C1_ESCAPE_IN_WIN,C1__ESCAPE__IN_WIN__MIXED,1,ESCAPE,IN_WIN,MIXED,False,False
2026-07-12_16_06,0.2077482742009037,0.5617687548103079,0.3724862692868413,0.48655328957393346,0.9517493215298807,attack_or_collapse,S1_C2_SASHI_IN_REMAIN,C2__SASHI__IN_REMAIN__MIXED,2,SASHI,IN_REMAIN,MIXED,False,False
2026-07-12_16_07,0.31278085216042534,0.491937451585694,0.34991599314289656,0.45038799917706474,0.9052555534829771,stable_escape,S3_C3_WIN_CENTER,C3__MAKURI_SASHI__IN_REMAIN__CENTER_OUTER,3,MAKURI_SASHI,IN_REMAIN,CENTER_OUTER,False,False
2026-07-12_16_08,0.2852529368712752,0.5204660463671339,0.37291748925091706,0.4518668229551154,0.9247364202479169,neutral,S4_C4_WIN_KADO,C4__SASHI__IN_REMAIN__OUTER_CHAIN,4,SASHI,IN_REMAIN,OUTER_CHAIN,True,False
2026-07-12_16_09,0.29658656851414195,0.5105120488405432,0.3750849119755957,0.46749087422204394,0.9431420198581943,upset_or_flat,S0_C1_ESCAPE_IN_WIN,C1__ESCAPE__IN_WIN__INNER_TOP3,1,ESCAPE,IN_WIN,INNER_TOP3,False,True
2026-07-12_16_10,0.30305347886014616,0.5000708166754775,0.34919755247472306,0.4410832183528995,0.913563076245447,stable_escape,S0_C1_ESCAPE_IN_WIN,C1__ESCAPE__IN_WIN__INNER_TOP3,1,ESCAPE,IN_WIN,INNER_TOP3,False,True
2026-07-12_16_11,0.2609847745579976,0.5408436110888348,0.3892832795078246,0.4847338935986026,0.9242232904459268,attack_or_collapse,S0_C1_ESCAPE_IN_WIN,C1__ESCAPE__IN_WIN__CENTER_OUTER,1,ESCAPE,IN_WIN,CENTER_OUTER,False,False
2026-07-12_16_12,0.2910125335991059,0.5088083644026689,0.3680177387645788,0.4476824245601023,0.89561454702614,neutral,S0_C1_ESCAPE_IN_WIN,C1__ESCAPE__IN_WIN__CENTER_OUTER,1,ESCAPE,IN_WIN,CENTER_OUTER,False,False
2026-07-12_19_01,0.32238186926816914,0.5026163432560604,0.38559371493805844,0.45630846764280536,0.9223075725393858,attack_or_collapse,S0_C1_ESCAPE_IN_WIN,C1__ESCAPE__IN_WIN__INNER_TOP3,1,ESCAPE,IN_WIN,INNER_TOP3,False,True
2026-07-12_19_02,0.2817300579647318,0.5206013730546399,0.38414726261005566,0.4567370153987523,0.9438437943468452,attack_or_collapse,S4_C4_WIN_KADO,C4__MAKURI_SASHI__IN_OUT__OUTER_CHAIN,4,MAKURI_SASHI,IN_OUT,OUTER_CHAIN,True,False
2026-07-12_19_03,0.24313991976894925,0.5101907623019275,0.30906477896181594,0.45018763165213654,0.9508507535355147,upset_or_flat,S4_C4_WIN_KADO,C4__MAKURI__IN_REMAIN__CENTER_OUTER,4,MAKURI,IN_REMAIN,CENTER_OUTER,False,False
2026-07-12_19_04,0.19611227453471955,0.5395589431135563,0.3413830304778184,0.47291609265871626,0.9510204013232266,attack_or_collapse,S0_C1_ESCAPE_IN_WIN,C1__ESCAPE__IN_WIN__MIXED,1,ESCAPE,IN_WIN,MIXED,False,False
2026-07-12_19_05,0.3163433773274765,0.5076790989329938,0.39048711714385487,0.4579393880867236,0.9062728227878228,attack_or_collapse,S5_OUTER_WIN_OR_CHAIN,C5__NUKI__IN_REMAIN__MIXED,5,NUKI,IN_REMAIN,MIXED,False,False
2026-07-12_19_06,0.24376313046845743,0.5438959304625062,0.3849383095361088,0.4824452742310234,0.9502541907850738,attack_or_collapse,S4_C4_WIN_KADO,C4__SASHI__IN_OUT__OUTER_CHAIN,4,SASHI,IN_OUT,OUTER_CHAIN,True,False
2026-07-12_19_07,0.2713012162262095,0.5425622861340986,0.4026458013900016,0.4905693432056123,0.9228267623365274,attack_or_collapse,S0_C1_ESCAPE_IN_WIN,C1__ESCAPE__IN_WIN__INNER_TOP3,1,ESCAPE,IN_WIN,INNER_TOP3,False,True
2026-07-12_19_08,0.301171504460033,0.4941638053437028,0.31934425029461155,0.4410012593593743,0.8959215540841478,stable_escape,S0_C1_ESCAPE_IN_WIN,C1__ESCAPE__IN_WIN__INNER_TOP3,1,ESCAPE,IN_WIN,INNER_TOP3,False,True
2026-07-12_19_09,0.30428837753534127,0.5093704150737313,0.3837185383085444,0.461671353942214,0.891749623268651,attack_or_collapse,S1_C2_SASHI_IN_REMAIN,C2__SASHI__IN_REMAIN__INNER_CENTER,2,SASHI,IN_REMAIN,INNER_CENTER,False,False
2026-07-12_19_10,0.26872866165137727,0.5178820898166874,0.36157091104159933,0.4549478756194364,0.9042393160683578,neutral,S0_C1_ESCAPE_IN_WIN,C1__ESCAPE__IN_WIN__INNER_TOP3,1,ESCAPE,IN_WIN,INNER_TOP3,False,True
2026-07-12_19_11,0.29895583858894687,0.5057233848042297,0.35917883205635603,0.442553050322738,0.8970016100438275,stable_escape,S2_C2_WIN_IN_OUT,C2__MAKURI__IN_REMAIN__INNER_TOP3,2,MAKURI,IN_REMAIN,INNER_TOP3,False,True
2026-07-12_19_12,0.34080333034988347,0.4651892610390773,0.33034819266055077,0.4287864363386558,0.8991685638188733,stable_escape,S0_C1_ESCAPE_IN_WIN,C1__ESCAPE__IN_WIN__OUTER_CHAIN,1,ESCAPE,IN_WIN,OUTER_CHAIN,True,False
2026-07-12_20_01,0.2952348919448475,0.5112974880663488,0.3765890608172049,0.45709220675469575,0.9180215447398095,stable_escape,S2_C2_WIN_IN_OUT,C2__NUKI__IN_REMAIN__MIXED,2,NUKI,IN_REMAIN,MIXED,False,False
2026-07-12_20_02,0.2686383763810317,0.5071636033958311,0.33789780715164286,0.457169300808573,0.934120092741555,neutral,S1_C2_SASHI_IN_REMAIN,C2__SASHI__IN_REMAIN__INNER_TOP3,2,SASHI,IN_REMAIN,INNER_TOP3,False,True
2026-07-12_20_03,0.26425793791621377,0.5157196290452848,0.3451951017427066,0.4510174192904193,0.9194326504588023,neutral,S3_C3_WIN_CENTER,C3__MAKURI_SASHI__IN_REMAIN__INNER_TOP3,3,MAKURI_SASHI,IN_REMAIN,INNER_TOP3,False,True
2026-07-12_20_04,0.27191452894380463,0.5294757658404892,0.3826148671387821,0.477401968080737,0.900055915623567,attack_or_collapse,S0_C1_ESCAPE_IN_WIN,C1__ESCAPE__IN_WIN__INNER_CENTER,1,ESCAPE,IN_WIN,INNER_CENTER,False,False
2026-07-12_20_05,0.2408778002948436,0.540167487457802,0.37265596274013246,0.4790140032029936,0.9395102111516147,attack_or_collapse,S0_C1_ESCAPE_IN_WIN,C1__ESCAPE__IN_WIN__INNER_TOP3,1,ESCAPE,IN_WIN,INNER_TOP3,False,True
2026-07-12_20_06,0.29385847685657235,0.4977492605663853,0.3143622833916756,0.4387587931821315,0.898615594162967,stable_escape,S0_C1_ESCAPE_IN_WIN,C1__NUKI__IN_WIN__MIXED,1,NUKI,IN_WIN,MIXED,False,False
2026-07-12_20_07,0.30218583194103515,0.5157154054936335,0.3836816861751431,0.44948920662360986,0.8913247236629013,attack_or_collapse,S0_C1_ESCAPE_IN_WIN,C1__ESCAPE__IN_WIN__CENTER_OUTER,1,ESCAPE,IN_WIN,CENTER_OUTER,False,False
2026-07-12_20_08,0.23752534372453765,0.5362825985810885,0.3705942265159691,0.463950023800216,0.9102022307694532,attack_or_collapse,S0_C1_ESCAPE_IN_WIN,C1__ESCAPE__IN_WIN__INNER_CENTER,1,ESCAPE,IN_WIN,INNER_CENTER,False,False
2026-07-12_20_09,0.27966410981799117,0.5120888051146051,0.35162628814699626,0.45040723023041873,0.8997912854003977,neutral,S4_C4_WIN_KADO,C4__MAKURI__IN_OUT__OUTER_CHAIN,4,MAKURI,IN_OUT,OUTER_CHAIN,True,False
2026-07-12_20_10,0.2932475220545283,0.5285860522602241,0.41467876606164944,0.47378528586378155,0.9298312158682617,attack_or_collapse,S4_C4_WIN_KADO,C4__NUKI__IN_REMAIN__INNER_CENTER,4,NUKI,IN_REMAIN,INNER_CENTER,False,False
2026-07-12_20_11,0.29120139553551044,0.4860307408525356,0.2969625145410285,0.40017865675102127,0.9083639120712752,stable_escape,S0_C1_ESCAPE_IN_WIN,C1__ESCAPE__IN_WIN__MIXED,1,ESCAPE,IN_WIN,MIXED,False,False
2026-07-12_20_12,0.26057665015750636,0.5335927511341332,0.3674919784757408,0.47629865020557577,0.9046462739516443,upset_or_flat,S3_C3_WIN_CENTER,C3__SASHI__IN_REMAIN__INNER_TOP3,3,SASHI,IN_REMAIN,INNER_TOP3,False,True
2026-07-12_22_01,0.35126765708588403,0.47140312567344256,0.33502730996531965,0.43896190709344207,0.8880255170192721,stable_escape,S0_C1_ESCAPE_IN_WIN,C1__ESCAPE__IN_WIN__MIXED,1,ESCAPE,IN_WIN,MIXED,False,False
2026-07-12_22_02,0.24693537587538011,0.5253758892853273,0.34408333628687904,0.4688256274412718,0.9510106445536147,upset_or_flat,S2_C2_WIN_IN_OUT,C2__MAKURI__IN_OUT__OUTER_CHAIN,2,MAKURI,IN_OUT,OUTER_CHAIN,True,False
2026-07-12_22_03,0.23899638797454167,0.5364494269338471,0.36647416191355975,0.4660947523088304,0.9436242855678737,attack_or_collapse,S3_C3_WIN_CENTER,C3__MAKURI__IN_REMAIN__CENTER_OUTER,3,MAKURI,IN_REMAIN,CENTER_OUTER,False,False
2026-07-12_22_04,0.23690561432819252,0.5405779146832078,0.38306583090372054,0.4782464580060403,0.9504113591510841,attack_or_collapse,S3_C3_WIN_CENTER,C3__MAKURI__IN_REMAIN__INNER_TOP3,3,MAKURI,IN_REMAIN,INNER_TOP3,False,True
2026-07-12_22_05,0.2769677706807472,0.5269715484638923,0.36833460395788786,0.47205175203546973,0.9403368388862781,upset_or_flat,S0_C1_ESCAPE_IN_WIN,C1__ESCAPE__IN_WIN__CENTER_OUTER,1,ESCAPE,IN_WIN,CENTER_OUTER,False,False
2026-07-12_22_06,0.2107775316023988,0.540001875664514,0.35389616381878,0.4709093869949408,0.9387931228658736,attack_or_collapse,S3_C3_WIN_CENTER,C3__MAKURI__IN_REMAIN__CENTER_OUTER,3,MAKURI,IN_REMAIN,CENTER_OUTER,False,False
2026-07-12_22_07,0.2493658058849514,0.5317179346419927,0.37788999102353565,0.46780773844051116,0.9452238571316476,upset_or_flat,S4_C4_WIN_KADO,C4__MAKURI__IN_OUT__OUTER_CHAIN,4,MAKURI,IN_OUT,OUTER_CHAIN,True,False
2026-07-12_22_08,0.23048621275753264,0.5481314472858086,0.3930698920376806,0.48391324398414276,0.9409230581890389,attack_or_collapse,S0_C1_ESCAPE_IN_WIN,C1__ESCAPE__IN_WIN__INNER_CENTER,1,ESCAPE,IN_WIN,INNER_CENTER,False,False
2026-07-12_22_09,0.26371350984992703,0.5164178583988595,0.34054330444695374,0.4638018112504772,0.9188183415180001,neutral,S1_C2_SASHI_IN_REMAIN,C2__SASHI__IN_REMAIN__MIXED,2,SASHI,IN_REMAIN,MIXED,False,False
2026-07-12_22_10,0.30571917699793344,0.4988971137107256,0.33178573095340796,0.4474574471578082,0.927844159546424,stable_escape,S0_C1_ESCAPE_IN_WIN,C1__NUKI__IN_WIN__OUTER_CHAIN,1,NUKI,IN_WIN,OUTER_CHAIN,True,False
2026-07-12_22_11,0.2802530355359294,0.5080888801494556,0.3413041867167668,0.4465117761651121,0.8974095407312959,neutral,S0_C1_ESCAPE_IN_WIN,C1__ESCAPE__IN_WIN__MIXED,1,ESCAPE,IN_WIN,MIXED,False,False
2026-07-12_22_12,0.27721628929625364,0.5167532100503497,0.37726373719017386,0.4646110300496529,0.8966931616730057,neutral,S3_C3_WIN_CENTER,C3__MAKURI__IN_REMAIN__INNER_TOP3,3,MAKURI,IN_REMAIN,INNER_TOP3,False,True
2026-07-12_23_01,0.36058677346617257,0.4602675032176707,0.3203803697141685,0.42901713626906185,0.8847048692975118,stable_escape,S0_C1_ESCAPE_IN_WIN,C1__ESCAPE__IN_WIN__OUTER_CHAIN,1,ESCAPE,IN_WIN,OUTER_CHAIN,True,False
2026-07-12_23_02,0.27161194718036447,0.5335351394772854,0.36448095993916524,0.4580884739366204,0.9208512368048783,neutral,S0_C1_ESCAPE_IN_WIN,C1__ESCAPE__IN_WIN__INNER_TOP3,1,ESCAPE,IN_WIN,INNER_TOP3,False,True
2026-07-12_23_03,0.250470138214067,0.5395340681206515,0.3807262018023685,0.48637221332956826,0.9184397351769314,attack_or_collapse,S0_C1_ESCAPE_IN_WIN,C1__ESCAPE__IN_WIN__CENTER_OUTER,1,ESCAPE,IN_WIN,CENTER_OUTER,False,False
2026-07-12_23_04,0.2040549599040525,0.5471605245754112,0.36446922929551673,0.48306933433116495,0.9297387504232588,attack_or_collapse,S3_C3_WIN_CENTER,C3__MAKURI_SASHI__IN_REMAIN__INNER_TOP3,3,MAKURI_SASHI,IN_REMAIN,INNER_TOP3,False,True
2026-07-12_23_05,0.3271021315554353,0.4936561982730461,0.40134715223414363,0.46234723878914163,0.8948904552249938,attack_or_collapse,S0_C1_ESCAPE_IN_WIN,C1__ESCAPE__IN_WIN__CENTER_OUTER,1,ESCAPE,IN_WIN,CENTER_OUTER,False,False
2026-07-12_23_06,0.2830233465623915,0.514248437847209,0.3625092409203302,0.4608635717720657,0.9183291780230786,neutral,S4_C4_WIN_KADO,C4__SASHI__IN_REMAIN__INNER_CENTER,4,SASHI,IN_REMAIN,INNER_CENTER,False,False
2026-07-12_23_07,0.22951368617743137,0.5464442637241484,0.36226389045769186,0.47816559047727225,0.9500170651952754,attack_or_collapse,S2_C2_WIN_IN_OUT,C2__MAKURI__IN_OUT__OUTER_CHAIN,2,MAKURI,IN_OUT,OUTER_CHAIN,True,False
2026-07-12_23_08,0.2576669517278744,0.5193984610577023,0.3452556485033636,0.46370970432096426,0.9512758155331704,upset_or_flat,S0_C1_ESCAPE_IN_WIN,C1__ESCAPE__IN_WIN__CENTER_OUTER,1,ESCAPE,IN_WIN,CENTER_OUTER,False,False
2026-07-12_23_09,0.17025215687366566,0.5788005264158194,0.3739590895573285,0.49184456535976206,0.9271522737344432,attack_or_collapse,S1_C2_SASHI_IN_REMAIN,C2__SASHI__IN_REMAIN__INNER_CENTER,2,SASHI,IN_REMAIN,INNER_CENTER,False,False
2026-07-12_23_10,0.284946132542798,0.4919188825766187,0.32926946486248965,0.4492586274642415,0.9375508437475957,neutral,S2_C2_WIN_IN_OUT,C2__NUKI__IN_OUT__CENTER_OUTER,2,NUKI,IN_OUT,CENTER_OUTER,False,False
2026-07-12_23_11,0.2664722743749915,0.5373857599865333,0.40937239539222414,0.48470425460626676,0.920814324049444,attack_or_collapse,S0_C1_ESCAPE_IN_WIN,C1__ESCAPE__IN_WIN__INNER_CENTER,1,ESCAPE,IN_WIN,INNER_CENTER,False,False
2026-07-12_23_12,0.2229977462287314,0.5664462944580788,0.4280619024661808,0.4941088937473279,0.9347991743115175,attack_or_collapse,S3_C3_WIN_CENTER,C3__MAKURI__IN_REMAIN__INNER_TOP3,3,MAKURI,IN_REMAIN,INNER_TOP3,False,True
